uuid,division,majorGroup,activity_name,knowledge_flows,tacit_knowledge_types,technologies
89017f78-e365-4ac9-a673-aacf7cce0e92,I. Division I: Services,Major Group 82: Educational Services,Deliberate Practice,Internalization,Somatic Tacit Knowledge,Virtual Reality
89017f78-e365-4ac9-a673-aacf7cce0e92,I. Division I: Services,Major Group 82: Educational Services,Deliberate Practice,Internalization,Intellectual Tacit Knowledge,Virtual Reality
cb4f0b2a-a2e2-41c2-8d1a-3e2dfcf57e90,I. Division I: Services,Major Group 80: Health Services,Mobile Learning,Internalization,Intellectual Tacit Knowledge,Virtual Reality
50da53f7-5c39-48ac-ba7a-db343317cf4f,I. Division I: Services,Major Group 80: Health Services,Deliberate Practice,Internalization,Somatic Tacit Knowledge,Virtual Reality
50da53f7-5c39-48ac-ba7a-db343317cf4f,I. Division I: Services,Major Group 80: Health Services,Deliberate Practice,Internalization,Somatic Tacit Knowledge,Augment Reality
50da53f7-5c39-48ac-ba7a-db343317cf4f,I. Division I: Services,Major Group 80: Health Services,Deliberate Practice,Internalization,Intellectual Tacit Knowledge,Virtual Reality
50da53f7-5c39-48ac-ba7a-db343317cf4f,I. Division I: Services,Major Group 80: Health Services,Deliberate Practice,Internalization,Intellectual Tacit Knowledge,Augment Reality
3e80823f-a55c-4452-a289-7ef23203ff4b,I. Division I: Services,Major Group 82: Educational Services,Deliberate Practice,Internalization,Somatic Tacit Knowledge,Virtual Reality
3e80823f-a55c-4452-a289-7ef23203ff4b,I. Division I: Services,Major Group 82: Educational Services,Deliberate Practice,Internalization,Intellectual Tacit Knowledge,Virtual Reality
3e80823f-a55c-4452-a289-7ef23203ff4b,I. Division I: Services,Major Group 82: Educational Services,Deliberate Practice,Internalization,Relational Tacit Knowledge,Virtual Reality
36a7754c-5681-4ef7-b7af-d3cbce3272cb,D. Division D: Manufacturing,Major Group 39: Miscellaneous Manufacturing Industries,Deliberate Practice,Socialization,Somatic Tacit Knowledge,Virtual Reality
36a7754c-5681-4ef7-b7af-d3cbce3272cb,D. Division D: Manufacturing,Major Group 39: Miscellaneous Manufacturing Industries,Deliberate Practice,Socialization,Intellectual Tacit Knowledge,Virtual Reality
36a7754c-5681-4ef7-b7af-d3cbce3272cb,D. Division D: Manufacturing,Major Group 39: Miscellaneous Manufacturing Industries,Deliberate Practice,Internalization,Somatic Tacit Knowledge,Virtual Reality
36a7754c-5681-4ef7-b7af-d3cbce3272cb,D. Division D: Manufacturing,Major Group 39: Miscellaneous Manufacturing Industries,Deliberate Practice,Internalization,Intellectual Tacit Knowledge,Virtual Reality
041af85c-7f55-4d4c-b678-fe8ffa883cf4,I. Division I: Services,Major Group 82: Educational Services,Deliberate Practice,Externalization,Intellectual Tacit Knowledge,Virtual Reality
041af85c-7f55-4d4c-b678-fe8ffa883cf4,I. Division I: Services,Major Group 82: Educational Services,Deliberate Practice,Internalization,Intellectual Tacit Knowledge,Virtual Reality
2c719831-02ad-4b15-8f39-a7e71f4a9de4,I. Division I: Services,Major Group 82: Educational Services,Deliberate Practice,Internalization,Intellectual Tacit Knowledge,Virtual Reality
2c719831-02ad-4b15-8f39-a7e71f4a9de4,I. Division I: Services,Major Group 82: Educational Services,Deliberate Practice,Internalization,Intellectual Tacit Knowledge,Augmented Reality
2c719831-02ad-4b15-8f39-a7e71f4a9de4,I. Division I: Services,Major Group 82: Educational Services,Deliberate Practice,Internalization,Relational Tacit Knowledge,Virtual Reality
2c719831-02ad-4b15-8f39-a7e71f4a9de4,I. Division I: Services,Major Group 82: Educational Services,Deliberate Practice,Internalization,Relational Tacit Knowledge,Augmented Reality
2c719831-02ad-4b15-8f39-a7e71f4a9de4,I. Division I: Services,Major Group 82: Educational Services,Deliberate Practice,Socialization,Intellectual Tacit Knowledge,Virtual Reality
2c719831-02ad-4b15-8f39-a7e71f4a9de4,I. Division I: Services,Major Group 82: Educational Services,Deliberate Practice,Socialization,Intellectual Tacit Knowledge,Augmented Reality
2c719831-02ad-4b15-8f39-a7e71f4a9de4,I. Division I: Services,Major Group 82: Educational Services,Deliberate Practice,Socialization,Relational Tacit Knowledge,Virtual Reality
2c719831-02ad-4b15-8f39-a7e71f4a9de4,I. Division I: Services,Major Group 82: Educational Services,Deliberate Practice,Socialization,Relational Tacit Knowledge,Augmented Reality
5856aa51-1d37-4903-8cf8-e66a7057e557,I. Division I: Services,Major Group 82: Educational Services,Deliberate Practice,,,Virtual Reality
1d160f88-0174-49e9-8364-ca2999ad899d,I. Division I: Services,Major Group 82: Educational Services,Deliberate Practice,Internalization,Intellectual Tacit Knowledge,AI
1d160f88-0174-49e9-8364-ca2999ad899d,I. Division I: Services,Major Group 82: Educational Services,Deliberate Practice,Internalization,Somatic Tacit Knowledge,AI
1d160f88-0174-49e9-8364-ca2999ad899d,I. Division I: Services,Major Group 82: Educational Services,Deliberate Practice,Externalization,Intellectual Tacit Knowledge,AI
1d160f88-0174-49e9-8364-ca2999ad899d,I. Division I: Services,Major Group 82: Educational Services,Deliberate Practice,Externalization,Somatic Tacit Knowledge,AI
068ed6c2-b85e-4eb9-94cc-b924133d0b59,I. Division I: Services,"Major Group 87: Engineering, Accounting, Research, Management, And Related Services",Deliberate Practice,Socialization,Intellectual Tacit Knowledge,Virtual Reality
068ed6c2-b85e-4eb9-94cc-b924133d0b59,I. Division I: Services,"Major Group 87: Engineering, Accounting, Research, Management, And Related Services",Deliberate Practice,Socialization,Intellectual Tacit Knowledge,Augment Reality
068ed6c2-b85e-4eb9-94cc-b924133d0b59,I. Division I: Services,"Major Group 87: Engineering, Accounting, Research, Management, And Related Services",Deliberate Practice,Internalization,Intellectual Tacit Knowledge,Virtual Reality
068ed6c2-b85e-4eb9-94cc-b924133d0b59,I. Division I: Services,"Major Group 87: Engineering, Accounting, Research, Management, And Related Services",Deliberate Practice,Internalization,Intellectual Tacit Knowledge,Augment Reality
858b0040-d70c-4cdd-b604-2ecbe6ec6c26,I. Division I: Services,Major Group 82: Educational Services,Deliberate Practice,Internalization,Somatic Tacit Knowledge,AI
858b0040-d70c-4cdd-b604-2ecbe6ec6c26,I. Division I: Services,Major Group 82: Educational Services,Deliberate Practice,Internalization,Relational Tacit Knowledge,AI
858b0040-d70c-4cdd-b604-2ecbe6ec6c26,I. Division I: Services,Major Group 82: Educational Services,Deliberate Practice,Internalization,Intellectual Tacit Knowledge,AI
858b0040-d70c-4cdd-b604-2ecbe6ec6c26,I. Division I: Services,Major Group 82: Educational Services,Deliberate Practice,Externalization,Somatic Tacit Knowledge,AI
858b0040-d70c-4cdd-b604-2ecbe6ec6c26,I. Division I: Services,Major Group 82: Educational Services,Deliberate Practice,Externalization,Relational Tacit Knowledge,AI
858b0040-d70c-4cdd-b604-2ecbe6ec6c26,I. Division I: Services,Major Group 82: Educational Services,Deliberate Practice,Externalization,Intellectual Tacit Knowledge,AI
40e661f5-4070-47e7-9697-a233ff81bef6,I. Division I: Services,Major Group 80: Health Services,Deliberate Practice,Internalization,Somatic Tacit Knowledge,Virtual Reality
40e661f5-4070-47e7-9697-a233ff81bef6,I. Division I: Services,Major Group 80: Health Services,Deliberate Practice,Internalization,Somatic Tacit Knowledge,Augment Reality
40e661f5-4070-47e7-9697-a233ff81bef6,I. Division I: Services,Major Group 80: Health Services,Deliberate Practice,Internalization,Intellectual Tacit Knowledge,Virtual Reality
40e661f5-4070-47e7-9697-a233ff81bef6,I. Division I: Services,Major Group 80: Health Services,Deliberate Practice,Internalization,Intellectual Tacit Knowledge,Augment Reality
53633f37-61e7-4ca3-9ca5-f20959ff6416,I. Division I: Services,Major Group 82: Educational Services,Educational Hypermedia Learning,Combination,Somatic Tacit Knowledge,Hypermedia
53633f37-61e7-4ca3-9ca5-f20959ff6416,I. Division I: Services,Major Group 82: Educational Services,Educational Hypermedia Learning,Combination,Intellectual Tacit Knowledge,Hypermedia
53633f37-61e7-4ca3-9ca5-f20959ff6416,I. Division I: Services,Major Group 82: Educational Services,Educational Hypermedia Learning,Internalization,Somatic Tacit Knowledge,Hypermedia
53633f37-61e7-4ca3-9ca5-f20959ff6416,I. Division I: Services,Major Group 82: Educational Services,Educational Hypermedia Learning,Internalization,Intellectual Tacit Knowledge,Hypermedia
ad422187-5c3b-412c-81ae-ffc48df4761a,I. Division I: Services,Major Group 82: Educational Services,Deliberate Practice,Combination,Intellectual Tacit Knowledge,AI
ad422187-5c3b-412c-81ae-ffc48df4761a,I. Division I: Services,Major Group 82: Educational Services,Deliberate Practice,Internalization,Intellectual Tacit Knowledge,AI
4781ccc4-fa32-43e1-a2bc-fbe43565f55c,I. Division I: Services,Major Group 82: Educational Services,Deliberate Practice,Internalization,Somatic Tacit Knowledge,AI
4781ccc4-fa32-43e1-a2bc-fbe43565f55c,I. Division I: Services,Major Group 82: Educational Services,Deliberate Practice,Internalization,Somatic Tacit Knowledge,Virtual Reality
4781ccc4-fa32-43e1-a2bc-fbe43565f55c,I. Division I: Services,Major Group 82: Educational Services,Deliberate Practice,Internalization,Somatic Tacit Knowledge,Augmented Reality
4781ccc4-fa32-43e1-a2bc-fbe43565f55c,I. Division I: Services,Major Group 82: Educational Services,Deliberate Practice,Internalization,Relational Tacit Knowledge,AI
4781ccc4-fa32-43e1-a2bc-fbe43565f55c,I. Division I: Services,Major Group 82: Educational Services,Deliberate Practice,Internalization,Relational Tacit Knowledge,Virtual Reality
4781ccc4-fa32-43e1-a2bc-fbe43565f55c,I. Division I: Services,Major Group 82: Educational Services,Deliberate Practice,Internalization,Relational Tacit Knowledge,Augmented Reality
4781ccc4-fa32-43e1-a2bc-fbe43565f55c,I. Division I: Services,Major Group 82: Educational Services,Mentoring,Externalization,Intellectual Tacit Knowledge,AI
4781ccc4-fa32-43e1-a2bc-fbe43565f55c,I. Division I: Services,Major Group 82: Educational Services,Mentoring,Internalization,Intellectual Tacit Knowledge,AI
e280fb91-a9d6-40d9-842f-17df089bed2c,I. Division I: Services,Major Group 82: Educational Services,Deliberate Practice,Externalization,Intellectual Tacit Knowledge,Virtual Reality
e280fb91-a9d6-40d9-842f-17df089bed2c,I. Division I: Services,Major Group 82: Educational Services,Deliberate Practice,Internalization,Intellectual Tacit Knowledge,Virtual Reality
f1b34712-c07a-45ed-bd25-7db035c498c9,I. Division I: Services,Major Group 82: Educational Services,Storytelling,Internalization,Intellectual Tacit Knowledge,AI
f1b34712-c07a-45ed-bd25-7db035c498c9,I. Division I: Services,Major Group 82: Educational Services,Mentoring,Externalization,Intellectual Tacit Knowledge,AI
f1b34712-c07a-45ed-bd25-7db035c498c9,I. Division I: Services,Major Group 82: Educational Services,Mentoring,Internalization,Intellectual Tacit Knowledge,AI
c902dc79-3ff5-44d8-9df7-6f85fe2a6652,I. Division I: Services,Major Group 80: Health Services,Deliberate Practice,Internalization,Somatic Tacit Knowledge,Virtual Reality
c902dc79-3ff5-44d8-9df7-6f85fe2a6652,I. Division I: Services,Major Group 80: Health Services,Deliberate Practice,Internalization,Somatic Tacit Knowledge,Augment Reality
c902dc79-3ff5-44d8-9df7-6f85fe2a6652,I. Division I: Services,Major Group 80: Health Services,Deliberate Practice,Internalization,Relational Tacit Knowledge,Virtual Reality
c902dc79-3ff5-44d8-9df7-6f85fe2a6652,I. Division I: Services,Major Group 80: Health Services,Deliberate Practice,Internalization,Relational Tacit Knowledge,Augment Reality
13281cb7-70a3-48e8-9879-8a6da5613597,I. Division I: Services,Major Group 80: Health Services,Deliberate Practice,Internalization,Somatic Tacit Knowledge,Virtual Reality
13281cb7-70a3-48e8-9879-8a6da5613597,I. Division I: Services,Major Group 80: Health Services,Deliberate Practice,Internalization,Intellectual Tacit Knowledge,Virtual Reality
13281cb7-70a3-48e8-9879-8a6da5613597,I. Division I: Services,Major Group 80: Health Services,Deliberate Practice,Internalization,Relational Tacit Knowledge,Virtual Reality
ed6b6d4e-6ced-4353-b793-9d73919d9e16,I. Division I: Services,Major Group 82: Educational Services,Deliberate Practice,Internalization,Somatic Tacit Knowledge,AI
ed6b6d4e-6ced-4353-b793-9d73919d9e16,I. Division I: Services,Major Group 82: Educational Services,Deliberate Practice,Internalization,Somatic Tacit Knowledge,Virtual Reality
ed6b6d4e-6ced-4353-b793-9d73919d9e16,I. Division I: Services,Major Group 82: Educational Services,Deliberate Practice,Internalization,Intellectual Tacit Knowledge,AI
ed6b6d4e-6ced-4353-b793-9d73919d9e16,I. Division I: Services,Major Group 82: Educational Services,Deliberate Practice,Internalization,Intellectual Tacit Knowledge,Virtual Reality
ed6b6d4e-6ced-4353-b793-9d73919d9e16,I. Division I: Services,Major Group 82: Educational Services,Communities of Practice,Socialization,Relational Tacit Knowledge,AI
ed6b6d4e-6ced-4353-b793-9d73919d9e16,I. Division I: Services,Major Group 82: Educational Services,Communities of Practice,Socialization,Relational Tacit Knowledge,Virtual Reality
ed6b6d4e-6ced-4353-b793-9d73919d9e16,I. Division I: Services,Major Group 82: Educational Services,Communities of Practice,Socialization,Collective Tacit Knowledge,AI
ed6b6d4e-6ced-4353-b793-9d73919d9e16,I. Division I: Services,Major Group 82: Educational Services,Communities of Practice,Socialization,Collective Tacit Knowledge,Virtual Reality
ed6b6d4e-6ced-4353-b793-9d73919d9e16,I. Division I: Services,Major Group 82: Educational Services,Communities of Practice,Externalization,Relational Tacit Knowledge,AI
ed6b6d4e-6ced-4353-b793-9d73919d9e16,I. Division I: Services,Major Group 82: Educational Services,Communities of Practice,Externalization,Relational Tacit Knowledge,Virtual Reality
ed6b6d4e-6ced-4353-b793-9d73919d9e16,I. Division I: Services,Major Group 82: Educational Services,Communities of Practice,Externalization,Collective Tacit Knowledge,AI
ed6b6d4e-6ced-4353-b793-9d73919d9e16,I. Division I: Services,Major Group 82: Educational Services,Communities of Practice,Externalization,Collective Tacit Knowledge,Virtual Reality
2754b302-bed4-47f2-9452-226df0d6d1df,I. Division I: Services,Major Group 82: Educational Services,Deliberate Practice,Internalization,Somatic Tacit Knowledge,Virtual Reality
2754b302-bed4-47f2-9452-226df0d6d1df,I. Division I: Services,Major Group 82: Educational Services,Deliberate Practice,Internalization,Somatic Tacit Knowledge,Augment Reality
2754b302-bed4-47f2-9452-226df0d6d1df,I. Division I: Services,Major Group 82: Educational Services,Deliberate Practice,Internalization,Intellectual Tacit Knowledge,Virtual Reality
2754b302-bed4-47f2-9452-226df0d6d1df,I. Division I: Services,Major Group 82: Educational Services,Deliberate Practice,Internalization,Intellectual Tacit Knowledge,Augment Reality
f0bdc125-7790-4b6a-bc4e-8573ceb75d67,I. Division I: Services,Major Group 82: Educational Services,Deliberate Practice,Internalization,Intellectual Tacit Knowledge,Virtual Reality
311eeae8-2386-4137-979d-7b447081cfd9,I. Division I: Services,Major Group 82: Educational Services,Human-AI Collaborative Learning,,Intellectual Tacit Knowledge,AI
07e3ddef-4be0-4817-b951-69a8f669ad32,I. Division I: Services,Major Group 82: Educational Services,Deliberate Practice,Internalization,Somatic Tacit Knowledge,AI
07e3ddef-4be0-4817-b951-69a8f669ad32,I. Division I: Services,Major Group 82: Educational Services,Deliberate Practice,Internalization,Intellectual Tacit Knowledge,AI
3b2ea028-7856-44fc-86c6-12038c34b991,I. Division I: Services,Major Group 82: Educational Services,Communities of practice,Socialization,Relational Tacit Knowledge,AI
3b2ea028-7856-44fc-86c6-12038c34b991,I. Division I: Services,Major Group 82: Educational Services,Communities of practice,Socialization,Relational Tacit Knowledge,Virtual Reality
3b2ea028-7856-44fc-86c6-12038c34b991,I. Division I: Services,Major Group 82: Educational Services,Communities of practice,Socialization,Relational Tacit Knowledge,Augment Reality
3b2ea028-7856-44fc-86c6-12038c34b991,I. Division I: Services,Major Group 82: Educational Services,Communities of practice,Socialization,Collective Tacit Knowledge,AI
3b2ea028-7856-44fc-86c6-12038c34b991,I. Division I: Services,Major Group 82: Educational Services,Communities of practice,Socialization,Collective Tacit Knowledge,Virtual Reality
3b2ea028-7856-44fc-86c6-12038c34b991,I. Division I: Services,Major Group 82: Educational Services,Communities of practice,Socialization,Collective Tacit Knowledge,Augment Reality
3b2ea028-7856-44fc-86c6-12038c34b991,I. Division I: Services,Major Group 82: Educational Services,Communities of practice,Externalization,Relational Tacit Knowledge,AI
3b2ea028-7856-44fc-86c6-12038c34b991,I. Division I: Services,Major Group 82: Educational Services,Communities of practice,Externalization,Relational Tacit Knowledge,Virtual Reality
3b2ea028-7856-44fc-86c6-12038c34b991,I. Division I: Services,Major Group 82: Educational Services,Communities of practice,Externalization,Relational Tacit Knowledge,Augment Reality
3b2ea028-7856-44fc-86c6-12038c34b991,I. Division I: Services,Major Group 82: Educational Services,Communities of practice,Externalization,Collective Tacit Knowledge,AI
3b2ea028-7856-44fc-86c6-12038c34b991,I. Division I: Services,Major Group 82: Educational Services,Communities of practice,Externalization,Collective Tacit Knowledge,Virtual Reality
3b2ea028-7856-44fc-86c6-12038c34b991,I. Division I: Services,Major Group 82: Educational Services,Communities of practice,Externalization,Collective Tacit Knowledge,Augment Reality
3b2ea028-7856-44fc-86c6-12038c34b991,I. Division I: Services,Major Group 82: Educational Services,Mentoring,Internalization,Intellectual Tacit Knowledge,AI
3b2ea028-7856-44fc-86c6-12038c34b991,I. Division I: Services,Major Group 82: Educational Services,Mentoring,Internalization,Intellectual Tacit Knowledge,Virtual Reality
3b2ea028-7856-44fc-86c6-12038c34b991,I. Division I: Services,Major Group 82: Educational Services,Mentoring,Internalization,Intellectual Tacit Knowledge,Augment Reality
eca9b3e0-89f8-4003-bfbe-4713b11005d0,I. Division I: Services,Major Group 82: Educational Services,Deliberate Practice,Internalization,Intellectual Tacit Knowledge,Virtual Reality
eca9b3e0-89f8-4003-bfbe-4713b11005d0,I. Division I: Services,Major Group 82: Educational Services,Deliberate Practice,Internalization,Intellectual Tacit Knowledge,Augmented Reality
4b715c00-173f-4949-9cbe-03a9bc955b08,C. Division C: Construction,Major Group 15: Building Construction General Contractors And Operative Builders,Deliberate Practice,Internalization,Somatic Tacit Knowledge,Virtual Reality
4b715c00-173f-4949-9cbe-03a9bc955b08,C. Division C: Construction,Major Group 15: Building Construction General Contractors And Operative Builders,Deliberate Practice,Internalization,Somatic Tacit Knowledge,Augment Reality
4b715c00-173f-4949-9cbe-03a9bc955b08,C. Division C: Construction,Major Group 15: Building Construction General Contractors And Operative Builders,Deliberate Practice,Internalization,Intellectual Tacit Knowledge,Virtual Reality
4b715c00-173f-4949-9cbe-03a9bc955b08,C. Division C: Construction,Major Group 15: Building Construction General Contractors And Operative Builders,Deliberate Practice,Internalization,Intellectual Tacit Knowledge,Augment Reality
588c5e51-b36a-4672-9340-66d8971fb4ee,I. Division I: Services,"Major Group 87: Engineering, Accounting, Research, Management, And Related Services",Deliberate Practice,,Intellectual Tacit Knowledge,Virtual Reality
588c5e51-b36a-4672-9340-66d8971fb4ee,I. Division I: Services,"Major Group 87: Engineering, Accounting, Research, Management, And Related Services",Deliberate Practice,,Intellectual Tacit Knowledge,Digital Twins
588c5e51-b36a-4672-9340-66d8971fb4ee,I. Division I: Services,"Major Group 87: Engineering, Accounting, Research, Management, And Related Services",Deliberate Practice,,Collective Tacit Knowledge,Virtual Reality
588c5e51-b36a-4672-9340-66d8971fb4ee,I. Division I: Services,"Major Group 87: Engineering, Accounting, Research, Management, And Related Services",Deliberate Practice,,Collective Tacit Knowledge,Digital Twins
3bd246f2-3c63-4417-8846-6eb8ea76f9e7,I. Division I: Services,Major Group 82: Educational Services,Deliberate Practice,Internalization,Somatic Tacit Knowledge,Virtual Reality
3bd246f2-3c63-4417-8846-6eb8ea76f9e7,I. Division I: Services,Major Group 82: Educational Services,Deliberate Practice,Internalization,Intellectual Tacit Knowledge,Virtual Reality
3146a3ec-9d81-447e-a808-4feb2e9e1ef0,I. Division I: Services,Major Group 80: Health Services,Mock drills,,Relational Tacit Knowledge,Virtual Reality
3146a3ec-9d81-447e-a808-4feb2e9e1ef0,I. Division I: Services,Major Group 80: Health Services,Mock drills,,Relational Tacit Knowledge,AI
3146a3ec-9d81-447e-a808-4feb2e9e1ef0,I. Division I: Services,Major Group 80: Health Services,Mock drills,,Collective Tacit Knowledge,Virtual Reality
3146a3ec-9d81-447e-a808-4feb2e9e1ef0,I. Division I: Services,Major Group 80: Health Services,Mock drills,,Collective Tacit Knowledge,AI
3146a3ec-9d81-447e-a808-4feb2e9e1ef0,I. Division I: Services,Major Group 80: Health Services,Mock drills,,Intellectual Tacit Knowledge,Virtual Reality
3146a3ec-9d81-447e-a808-4feb2e9e1ef0,I. Division I: Services,Major Group 80: Health Services,Mock drills,,Intellectual Tacit Knowledge,AI
24b476f5-8b0d-4416-a0b6-84acbe6ade3f,I. Division I: Services,Major Group 80: Health Services,Deliberate Practice,Internalization,Somatic Tacit Knowledge,Virtual Reality
24b476f5-8b0d-4416-a0b6-84acbe6ade3f,I. Division I: Services,Major Group 80: Health Services,Deliberate Practice,Internalization,Intellectual Tacit Knowledge,Virtual Reality
162ea0ce-9a65-4967-b734-2972e06efdc2,I. Division I: Services,Major Group 82: Educational Services,Deliberate Practice,Internalization,Somatic Tacit Knowledge,Virtual Reality
162ea0ce-9a65-4967-b734-2972e06efdc2,I. Division I: Services,Major Group 82: Educational Services,Deliberate Practice,Internalization,Somatic Tacit Knowledge,Augment Reality
162ea0ce-9a65-4967-b734-2972e06efdc2,I. Division I: Services,Major Group 82: Educational Services,Deliberate Practice,Internalization,Somatic Tacit Knowledge,AI
162ea0ce-9a65-4967-b734-2972e06efdc2,I. Division I: Services,Major Group 82: Educational Services,Deliberate Practice,Internalization,Intellectual Tacit Knowledge,Virtual Reality
162ea0ce-9a65-4967-b734-2972e06efdc2,I. Division I: Services,Major Group 82: Educational Services,Deliberate Practice,Internalization,Intellectual Tacit Knowledge,Augment Reality
162ea0ce-9a65-4967-b734-2972e06efdc2,I. Division I: Services,Major Group 82: Educational Services,Deliberate Practice,Internalization,Intellectual Tacit Knowledge,AI
f1351618-3e92-46f3-94b0-3f36cde1dd4f,I. Division I: Services,Major Group 82: Educational Services,Deliberate Practice,Internalization,Intellectual Tacit Knowledge,Virtual Reality
f1351618-3e92-46f3-94b0-3f36cde1dd4f,I. Division I: Services,Major Group 82: Educational Services,Deliberate Practice,Internalization,Intellectual Tacit Knowledge,Augmented Reality
f1351618-3e92-46f3-94b0-3f36cde1dd4f,I. Division I: Services,Major Group 82: Educational Services,Deliberate Practice,Externalization,Intellectual Tacit Knowledge,Virtual Reality
f1351618-3e92-46f3-94b0-3f36cde1dd4f,I. Division I: Services,Major Group 82: Educational Services,Deliberate Practice,Externalization,Intellectual Tacit Knowledge,Augmented Reality
4922838e-b1cd-4331-b5cb-8eebe6e35410,I. Division I: Services,Major Group 82: Educational Services,Language Heritage and Archival,Externalization,Collective Tacit Knowledge,AI
4922838e-b1cd-4331-b5cb-8eebe6e35410,I. Division I: Services,Major Group 82: Educational Services,Language Heritage and Archival,Externalization,Intellectual Tacit Knowledge,AI
4922838e-b1cd-4331-b5cb-8eebe6e35410,I. Division I: Services,Major Group 82: Educational Services,Language Heritage and Archival,Combination,Collective Tacit Knowledge,AI
4922838e-b1cd-4331-b5cb-8eebe6e35410,I. Division I: Services,Major Group 82: Educational Services,Language Heritage and Archival,Combination,Intellectual Tacit Knowledge,AI
df6ce625-2856-41d7-af24-29e8905615ae,C. Division C: Construction,Major Group 15: Building Construction General Contractors And Operative Builders,Deliberate Practice,Internalization,Somatic Tacit Knowledge,Virtual Reality
df6ce625-2856-41d7-af24-29e8905615ae,C. Division C: Construction,Major Group 15: Building Construction General Contractors And Operative Builders,Deliberate Practice,Internalization,Intellectual Tacit Knowledge,Virtual Reality
be3fe782-aa20-4e5a-91b6-7bd47201bbaf,I. Division I: Services,"Major Group 87: Engineering, Accounting, Research, Management, And Related Services",Deliberate Practice,Internalization,Intellectual Tacit Knowledge,Virtual Reality
be3fe782-aa20-4e5a-91b6-7bd47201bbaf,I. Division I: Services,"Major Group 87: Engineering, Accounting, Research, Management, And Related Services",Deliberate Practice,Internalization,Somatic Tacit Knowledge,Virtual Reality
225e40c2-9c35-4d68-8ed7-544988e9403e,I. Division I: Services,Major Group 79: Amusement And Recreation Services,Deliberate Practice,Internalization,Somatic Tacit Knowledge,Virtual Reality
225e40c2-9c35-4d68-8ed7-544988e9403e,I. Division I: Services,Major Group 79: Amusement And Recreation Services,Deliberate Practice,Internalization,Somatic Tacit Knowledge,AI
225e40c2-9c35-4d68-8ed7-544988e9403e,I. Division I: Services,Major Group 79: Amusement And Recreation Services,Deliberate Practice,Internalization,Intellectual Tacit Knowledge,Virtual Reality
225e40c2-9c35-4d68-8ed7-544988e9403e,I. Division I: Services,Major Group 79: Amusement And Recreation Services,Deliberate Practice,Internalization,Intellectual Tacit Knowledge,AI
9c33e197-0e8c-4cf6-a037-fe0287374894,I. Division I: Services,Major Group 82: Educational Services,Deliberate Practice,Socialization,Somatic Tacit Knowledge,Virtual Reality
9c33e197-0e8c-4cf6-a037-fe0287374894,I. Division I: Services,Major Group 82: Educational Services,Deliberate Practice,Socialization,Intellectual Tacit Knowledge,Virtual Reality
9c33e197-0e8c-4cf6-a037-fe0287374894,I. Division I: Services,Major Group 82: Educational Services,Deliberate Practice,Internalization,Somatic Tacit Knowledge,Virtual Reality
9c33e197-0e8c-4cf6-a037-fe0287374894,I. Division I: Services,Major Group 82: Educational Services,Deliberate Practice,Internalization,Intellectual Tacit Knowledge,Virtual Reality
1aa98091-c03e-47bd-9145-197482370652,I. Division I: Services,Major Group 80: Health Services,Deliberate Practice,Internalization,Somatic Tacit Knowledge,Virtual Reality
c73f438c-a8ce-4c83-898b-2401230bbb16,I. Division I: Services,Major Group 82: Educational Services,Deliberate Practice,Internalization,Somatic Tacit Knowledge,Augment Reality
0ec76be6-c32b-4daa-9cf7-606001b185ff,I. Division I: Services,Major Group 82: Educational Services,Mind Mapping,Externalization,Intellectual Tacit Knowledge,AI
0ec76be6-c32b-4daa-9cf7-606001b185ff,I. Division I: Services,Major Group 82: Educational Services,Mind Mapping,Internalization,Intellectual Tacit Knowledge,AI
8f9694ba-a04c-4f9c-80ff-21faba3f0066,I. Division I: Services,Major Group 82: Educational Services,Deliberate Practice,Internalization,Somatic Tacit Knowledge,Virtual Reality
8f9694ba-a04c-4f9c-80ff-21faba3f0066,I. Division I: Services,Major Group 82: Educational Services,Deliberate Practice,Internalization,Intellectual Tacit Knowledge,Virtual Reality
5d938263-1771-49e1-87da-7567cdffe15d,I. Division I: Services,"Major Group 84: Museums, Art Galleries, And Botanical And Zoological Gardens",Non-formal Learning,Internalization,Collective Tacit Knowledge,Virtual Reality
5d938263-1771-49e1-87da-7567cdffe15d,I. Division I: Services,"Major Group 84: Museums, Art Galleries, And Botanical And Zoological Gardens",Non-formal Learning,Internalization,Collective Tacit Knowledge,Augment Reality
5d938263-1771-49e1-87da-7567cdffe15d,I. Division I: Services,"Major Group 84: Museums, Art Galleries, And Botanical And Zoological Gardens",Non-formal Learning,Internalization,Intellectual Tacit Knowledge,Virtual Reality
5d938263-1771-49e1-87da-7567cdffe15d,I. Division I: Services,"Major Group 84: Museums, Art Galleries, And Botanical And Zoological Gardens",Non-formal Learning,Internalization,Intellectual Tacit Knowledge,Augment Reality
831bfa3d-e7da-415d-a7c9-d782f1bf0ea6,I. Division I: Services,Major Group 82: Educational Services,Deliberate Practice,Internalization,Intellectual Tacit Knowledge,Virtual Reality
320c15d5-2aec-4b24-a7d7-8863904cac77,I. Division I: Services,Major Group 82: Educational Services,Deliberate Practice,Internalization,Somatic Tacit Knowledge,Virtual Reality
320c15d5-2aec-4b24-a7d7-8863904cac77,I. Division I: Services,Major Group 82: Educational Services,Deliberate Practice,Internalization,Intellectual Tacit Knowledge,Virtual Reality
b26aad47-f5a8-4f6b-966e-d61585cc0cb9,I. Division I: Services,Major Group 79: Amusement And Recreation Services,Deliberate Practice,Socialization,Intellectual Tacit Knowledge,Virtual Reality
b26aad47-f5a8-4f6b-966e-d61585cc0cb9,I. Division I: Services,Major Group 79: Amusement And Recreation Services,Deliberate Practice,Socialization,Collective Tacit Knowledge,Virtual Reality
b26aad47-f5a8-4f6b-966e-d61585cc0cb9,I. Division I: Services,Major Group 79: Amusement And Recreation Services,Deliberate Practice,Socialization,Relational Tacit Knowledge,Virtual Reality
b26aad47-f5a8-4f6b-966e-d61585cc0cb9,I. Division I: Services,Major Group 79: Amusement And Recreation Services,Deliberate Practice,Externalization,Intellectual Tacit Knowledge,Virtual Reality
b26aad47-f5a8-4f6b-966e-d61585cc0cb9,I. Division I: Services,Major Group 79: Amusement And Recreation Services,Deliberate Practice,Externalization,Collective Tacit Knowledge,Virtual Reality
b26aad47-f5a8-4f6b-966e-d61585cc0cb9,I. Division I: Services,Major Group 79: Amusement And Recreation Services,Deliberate Practice,Externalization,Relational Tacit Knowledge,Virtual Reality
b26aad47-f5a8-4f6b-966e-d61585cc0cb9,I. Division I: Services,Major Group 79: Amusement And Recreation Services,Deliberate Practice,Internalization,Intellectual Tacit Knowledge,Virtual Reality
b26aad47-f5a8-4f6b-966e-d61585cc0cb9,I. Division I: Services,Major Group 79: Amusement And Recreation Services,Deliberate Practice,Internalization,Collective Tacit Knowledge,Virtual Reality
b26aad47-f5a8-4f6b-966e-d61585cc0cb9,I. Division I: Services,Major Group 79: Amusement And Recreation Services,Deliberate Practice,Internalization,Relational Tacit Knowledge,Virtual Reality
dbe52e0b-40bc-4549-ac56-30c86cf82d62,I. Division I: Services,Major Group 82: Educational Services,Embodied Learning Intervention,Internalization,Somatic Tacit Knowledge,Virtual Reality
dbe52e0b-40bc-4549-ac56-30c86cf82d62,I. Division I: Services,Major Group 82: Educational Services,Embodied Learning Intervention,Internalization,Intellectual Tacit Knowledge,Virtual Reality
cb081b6d-1a9d-40dd-883d-53dcc709fdaa,C. Division C: Construction,Major Group 17: Construction Special Trade Contractors,Knowledge Harvesting Workshops,Externalization,Intellectual Tacit Knowledge,AI
cb081b6d-1a9d-40dd-883d-53dcc709fdaa,C. Division C: Construction,Major Group 17: Construction Special Trade Contractors,Knowledge Harvesting Workshops,Externalization,Relational Tacit Knowledge,AI
cb081b6d-1a9d-40dd-883d-53dcc709fdaa,C. Division C: Construction,Major Group 17: Construction Special Trade Contractors,Knowledge Harvesting Workshops,Combination,Intellectual Tacit Knowledge,AI
cb081b6d-1a9d-40dd-883d-53dcc709fdaa,C. Division C: Construction,Major Group 17: Construction Special Trade Contractors,Knowledge Harvesting Workshops,Combination,Relational Tacit Knowledge,AI
4b7bd18a-a465-4b9c-838a-db89796bfa91,I. Division I: Services,Major Group 80: Health Services,Deliberate Practice,Internalization,Somatic Tacit Knowledge,Virtual Reality
4b7bd18a-a465-4b9c-838a-db89796bfa91,I. Division I: Services,Major Group 80: Health Services,Deliberate Practice,Internalization,Somatic Tacit Knowledge,Augment Reality
4b7bd18a-a465-4b9c-838a-db89796bfa91,I. Division I: Services,Major Group 80: Health Services,Deliberate Practice,Internalization,Intellectual Tacit Knowledge,Virtual Reality
4b7bd18a-a465-4b9c-838a-db89796bfa91,I. Division I: Services,Major Group 80: Health Services,Deliberate Practice,Internalization,Intellectual Tacit Knowledge,Augment Reality
f3129f2f-e42e-41f6-b018-d3618843575d,D. Division D: Manufacturing,Major Group 35: Industrial And Commercial Machinery And Computer Equipment,Deliberate Practice,Externalization,Intellectual Tacit Knowledge,AI
f3129f2f-e42e-41f6-b018-d3618843575d,D. Division D: Manufacturing,Major Group 35: Industrial And Commercial Machinery And Computer Equipment,Deliberate Practice,Internalization,Intellectual Tacit Knowledge,AI
6d91520b-afeb-4f1d-806f-88d182496e89,I. Division I: Services,Major Group 82: Educational Services,Deliberate Practice,Internalization,Somatic Tacit Knowledge,AI
6d91520b-afeb-4f1d-806f-88d182496e89,I. Division I: Services,Major Group 82: Educational Services,Deliberate Practice,Internalization,Intellectual Tacit Knowledge,AI
ba7be7a6-2cfc-48be-a1dd-8c262929352b,I. Division I: Services,Major Group 82: Educational Services,After-Action Reviews,Internalization,Intellectual Tacit Knowledge,AI
698be5bc-b523-4f28-8ca1-9783e8c69a7e,I. Division I: Services,Major Group 82: Educational Services,Deliberate Practice,Internalization,Somatic Tacit Knowledge,Virtual Reality
698be5bc-b523-4f28-8ca1-9783e8c69a7e,I. Division I: Services,Major Group 82: Educational Services,Deliberate Practice,Internalization,Somatic Tacit Knowledge,Augment Reality
698be5bc-b523-4f28-8ca1-9783e8c69a7e,I. Division I: Services,Major Group 82: Educational Services,Deliberate Practice,Internalization,Somatic Tacit Knowledge,AI
698be5bc-b523-4f28-8ca1-9783e8c69a7e,I. Division I: Services,Major Group 82: Educational Services,Deliberate Practice,Internalization,Intellectual Tacit Knowledge,Virtual Reality
698be5bc-b523-4f28-8ca1-9783e8c69a7e,I. Division I: Services,Major Group 82: Educational Services,Deliberate Practice,Internalization,Intellectual Tacit Knowledge,Augment Reality
698be5bc-b523-4f28-8ca1-9783e8c69a7e,I. Division I: Services,Major Group 82: Educational Services,Deliberate Practice,Internalization,Intellectual Tacit Knowledge,AI
ff260a06-f1b7-4208-9a21-932e3b2908fa,I. Division I: Services,Major Group 82: Educational Services,Deliberate Practice,Internalization,Somatic Tacit Knowledge,AI
ff260a06-f1b7-4208-9a21-932e3b2908fa,I. Division I: Services,Major Group 82: Educational Services,Deliberate Practice,Internalization,Intellectual Tacit Knowledge,AI
a32e7216-5e48-4e00-936b-81cf69046405,I. Division I: Services,Major Group 82: Educational Services,Deliberate Practice,Internalization,Somatic Tacit Knowledge,Virtual Reality
a32e7216-5e48-4e00-936b-81cf69046405,I. Division I: Services,Major Group 82: Educational Services,Deliberate Practice,Internalization,Intellectual Tacit Knowledge,Virtual Reality
73824eab-a12e-4182-aa41-eacb9676be37,I. Division I: Services,Major Group 82: Educational Services,Deliberate Practice,Internalization,Intellectual Tacit Knowledge,Virtual Reality
80318ea6-caef-4407-ad4d-c70b295e37f0,I. Division I: Services,Major Group 82: Educational Services,Creative Mind Mapping,Externalization,Intellectual Tacit Knowledge,AI
80318ea6-caef-4407-ad4d-c70b295e37f0,I. Division I: Services,Major Group 82: Educational Services,Creative Mind Mapping,Internalization,Intellectual Tacit Knowledge,AI
cc42f9f8-823e-4799-b172-af3957f45f78,I. Division I: Services,Major Group 82: Educational Services,Knowledge Graph Platform Use,Combination,Intellectual Tacit Knowledge,AI
cc42f9f8-823e-4799-b172-af3957f45f78,I. Division I: Services,Major Group 82: Educational Services,Knowledge Graph Platform Use,Internalization,Intellectual Tacit Knowledge,AI
f54bec9d-d4cb-4b7c-849b-56ab349e73ce,I. Division I: Services,Major Group 82: Educational Services,Deliberate Practice,Internalization,Somatic Tacit Knowledge,Virtual Reality
f54bec9d-d4cb-4b7c-849b-56ab349e73ce,I. Division I: Services,Major Group 82: Educational Services,Deliberate Practice,Internalization,Intellectual Tacit Knowledge,Virtual Reality
9315201e-d3a5-4c79-a002-738f22daf7a2,I. Division I: Services,Major Group 82: Educational Services,Deliberate Practice,Internalization,Intellectual Tacit Knowledge,Virtual Reality
d3e1887f-1667-47b6-bdea-3c9b252a2f2f,I. Division I: Services,Major Group 82: Educational Services,Deliberate Practice,Internalization,Somatic Tacit Knowledge,Virtual Reality
d3e1887f-1667-47b6-bdea-3c9b252a2f2f,I. Division I: Services,Major Group 82: Educational Services,Deliberate Practice,Internalization,Intellectual Tacit Knowledge,Virtual Reality
7407b183-b9ae-4ebe-a8d5-e9e022c2999b,I. Division I: Services,Major Group 82: Educational Services,Knowledge Harvesting Workshops,Externalization,Relational Tacit Knowledge,AI
7407b183-b9ae-4ebe-a8d5-e9e022c2999b,I. Division I: Services,Major Group 82: Educational Services,Knowledge Harvesting Workshops,Externalization,Intellectual Tacit Knowledge,AI
7407b183-b9ae-4ebe-a8d5-e9e022c2999b,I. Division I: Services,Major Group 82: Educational Services,Knowledge Harvesting Workshops,Combination,Relational Tacit Knowledge,AI
7407b183-b9ae-4ebe-a8d5-e9e022c2999b,I. Division I: Services,Major Group 82: Educational Services,Knowledge Harvesting Workshops,Combination,Intellectual Tacit Knowledge,AI
7407b183-b9ae-4ebe-a8d5-e9e022c2999b,I. Division I: Services,Major Group 82: Educational Services,Knowledge Harvesting Workshops,Internalization,Relational Tacit Knowledge,AI
7407b183-b9ae-4ebe-a8d5-e9e022c2999b,I. Division I: Services,Major Group 82: Educational Services,Knowledge Harvesting Workshops,Internalization,Intellectual Tacit Knowledge,AI
569b7039-3f1d-4be7-b701-2ed6d5b91569,I. Division I: Services,Major Group 82: Educational Services,Deliberate Practice,Internalization,Somatic Tacit Knowledge,Virtual Reality
569b7039-3f1d-4be7-b701-2ed6d5b91569,I. Division I: Services,Major Group 82: Educational Services,Deliberate Practice,Internalization,Relational Tacit Knowledge,Virtual Reality
569b7039-3f1d-4be7-b701-2ed6d5b91569,I. Division I: Services,Major Group 82: Educational Services,Deliberate Practice,Internalization,Intellectual Tacit Knowledge,Virtual Reality
2a046749-9d93-43a2-8164-b3db8581b84b,I. Division I: Services,Major Group 82: Educational Services,Deliberate Practice,Internalization,Somatic Tacit Knowledge,Virtual Reality
2a046749-9d93-43a2-8164-b3db8581b84b,I. Division I: Services,Major Group 82: Educational Services,Deliberate Practice,Internalization,Somatic Tacit Knowledge,Augmented Reality
2a046749-9d93-43a2-8164-b3db8581b84b,I. Division I: Services,Major Group 82: Educational Services,Deliberate Practice,Internalization,Intellectual Tacit Knowledge,Virtual Reality
2a046749-9d93-43a2-8164-b3db8581b84b,I. Division I: Services,Major Group 82: Educational Services,Deliberate Practice,Internalization,Intellectual Tacit Knowledge,Augmented Reality
05592906-5d3c-45b5-af81-ef95bba7d48a,I. Division I: Services,Major Group 82: Educational Services,Deliberate Practice,Combination,Somatic Tacit Knowledge,AI
05592906-5d3c-45b5-af81-ef95bba7d48a,I. Division I: Services,Major Group 82: Educational Services,Deliberate Practice,Combination,Intellectual Tacit Knowledge,AI
05592906-5d3c-45b5-af81-ef95bba7d48a,I. Division I: Services,Major Group 82: Educational Services,Deliberate Practice,Internalization,Somatic Tacit Knowledge,AI
05592906-5d3c-45b5-af81-ef95bba7d48a,I. Division I: Services,Major Group 82: Educational Services,Deliberate Practice,Internalization,Intellectual Tacit Knowledge,AI
9f7ec5a4-cb54-4355-82cc-fd844adb5d96,C. Division C: Construction,Major Group 15: Building Construction General Contractors And Operative Builders,Deliberate Practice,Internalization,Intellectual Tacit Knowledge,Virtual Reality
0841c0ed-5d36-442f-8b3a-39e35e0111cc,I. Division I: Services,Major Group 82: Educational Services,Deliberate Practice,Internalization,Intellectual Tacit Knowledge,Virtual Reality
0841c0ed-5d36-442f-8b3a-39e35e0111cc,I. Division I: Services,Major Group 82: Educational Services,Deliberate Practice,Internalization,Somatic Tacit Knowledge,Virtual Reality
0e3cf5c9-8a82-4bcf-b4bf-02edeecac6e6,I. Division I: Services,Major Group 82: Educational Services,Deliberate Practice,Internalization,Intellectual Tacit Knowledge,AI
0e3cf5c9-8a82-4bcf-b4bf-02edeecac6e6,I. Division I: Services,Major Group 82: Educational Services,Deliberate Practice,Socialization,Intellectual Tacit Knowledge,AI
245a23f7-a123-48e9-b391-83133cb6082f,D. Division D: Manufacturing,Major Group 35: Industrial And Commercial Machinery And Computer Equipment,Simulation-based learning,Internalization,Somatic Tacit Knowledge,Digital Twins
245a23f7-a123-48e9-b391-83133cb6082f,D. Division D: Manufacturing,Major Group 35: Industrial And Commercial Machinery And Computer Equipment,Simulation-based learning,Internalization,Somatic Tacit Knowledge,Virtual Reality
245a23f7-a123-48e9-b391-83133cb6082f,D. Division D: Manufacturing,Major Group 35: Industrial And Commercial Machinery And Computer Equipment,Simulation-based learning,Internalization,Intellectual Tacit Knowledge,Digital Twins
245a23f7-a123-48e9-b391-83133cb6082f,D. Division D: Manufacturing,Major Group 35: Industrial And Commercial Machinery And Computer Equipment,Simulation-based learning,Internalization,Intellectual Tacit Knowledge,Virtual Reality
245a23f7-a123-48e9-b391-83133cb6082f,D. Division D: Manufacturing,Major Group 35: Industrial And Commercial Machinery And Computer Equipment,Problem-based learning,Externalization,Intellectual Tacit Knowledge,Digital Twins
245a23f7-a123-48e9-b391-83133cb6082f,D. Division D: Manufacturing,Major Group 35: Industrial And Commercial Machinery And Computer Equipment,Problem-based learning,Combination,Intellectual Tacit Knowledge,Digital Twins
245a23f7-a123-48e9-b391-83133cb6082f,D. Division D: Manufacturing,Major Group 35: Industrial And Commercial Machinery And Computer Equipment,Gamification based learning,Internalization,Intellectual Tacit Knowledge,Digital Twins
245a23f7-a123-48e9-b391-83133cb6082f,D. Division D: Manufacturing,Major Group 35: Industrial And Commercial Machinery And Computer Equipment,Gamification based learning,Socialization,Intellectual Tacit Knowledge,Digital Twins
245a23f7-a123-48e9-b391-83133cb6082f,D. Division D: Manufacturing,Major Group 35: Industrial And Commercial Machinery And Computer Equipment,AR/VR-enhanced training,Internalization,Somatic Tacit Knowledge,Augmented Reality
245a23f7-a123-48e9-b391-83133cb6082f,D. Division D: Manufacturing,Major Group 35: Industrial And Commercial Machinery And Computer Equipment,AR/VR-enhanced training,Internalization,Somatic Tacit Knowledge,Virtual Reality
245a23f7-a123-48e9-b391-83133cb6082f,D. Division D: Manufacturing,Major Group 35: Industrial And Commercial Machinery And Computer Equipment,AR/VR-enhanced training,Internalization,Somatic Tacit Knowledge,Digital Twins
0a320fba-c9f0-470a-87f6-44bdbab74b16,I. Division I: Services,Major Group 82: Educational Services,Deliberate Practice,Internalization,Somatic Tacit Knowledge,Augment Reality
0a320fba-c9f0-470a-87f6-44bdbab74b16,I. Division I: Services,Major Group 82: Educational Services,Deliberate Practice,Internalization,Intellectual Tacit Knowledge,Augment Reality
0a320fba-c9f0-470a-87f6-44bdbab74b16,I. Division I: Services,Major Group 82: Educational Services,Deliberate Practice,Combination,Somatic Tacit Knowledge,Augment Reality
0a320fba-c9f0-470a-87f6-44bdbab74b16,I. Division I: Services,Major Group 82: Educational Services,Deliberate Practice,Combination,Intellectual Tacit Knowledge,Augment Reality
72e63e98-5f93-4dba-b2c2-c48884c93527,I. Division I: Services,Major Group 82: Educational Services,Deliberate Practice,Internalization,Somatic Tacit Knowledge,Virtual Reality
72e63e98-5f93-4dba-b2c2-c48884c93527,I. Division I: Services,Major Group 82: Educational Services,Deliberate Practice,Internalization,Somatic Tacit Knowledge,Augment Reality
72e63e98-5f93-4dba-b2c2-c48884c93527,I. Division I: Services,Major Group 82: Educational Services,Deliberate Practice,Internalization,Somatic Tacit Knowledge,AI
72e63e98-5f93-4dba-b2c2-c48884c93527,I. Division I: Services,Major Group 82: Educational Services,Deliberate Practice,Internalization,Intellectual Tacit Knowledge,Virtual Reality
72e63e98-5f93-4dba-b2c2-c48884c93527,I. Division I: Services,Major Group 82: Educational Services,Deliberate Practice,Internalization,Intellectual Tacit Knowledge,Augment Reality
72e63e98-5f93-4dba-b2c2-c48884c93527,I. Division I: Services,Major Group 82: Educational Services,Deliberate Practice,Internalization,Intellectual Tacit Knowledge,AI
1ac9ba68-84ef-4135-8d6b-daaf866a83c7,I. Division I: Services,Major Group 82: Educational Services,Deliberate Practice,Internalization,Relational Tacit Knowledge,Virtual Reality
1ac9ba68-84ef-4135-8d6b-daaf866a83c7,I. Division I: Services,Major Group 82: Educational Services,Deliberate Practice,Internalization,Relational Tacit Knowledge,AI
1ac9ba68-84ef-4135-8d6b-daaf866a83c7,I. Division I: Services,Major Group 82: Educational Services,Deliberate Practice,Internalization,Intellectual Tacit Knowledge,Virtual Reality
1ac9ba68-84ef-4135-8d6b-daaf866a83c7,I. Division I: Services,Major Group 82: Educational Services,Deliberate Practice,Internalization,Intellectual Tacit Knowledge,AI
2001960f-f1c3-4bb8-964f-4ef630d80774,I. Division I: Services,Major Group 82: Educational Services,Deliberate Practice,Externalization,Somatic Tacit Knowledge,AI
2001960f-f1c3-4bb8-964f-4ef630d80774,I. Division I: Services,Major Group 82: Educational Services,Deliberate Practice,Internalization,Somatic Tacit Knowledge,AI
a2749cb8-91e2-444f-a3c1-535240192033,I. Division I: Services,Major Group 80: Health Services,Deliberate Practice,Socialization,Somatic Tacit Knowledge,AI
a2749cb8-91e2-444f-a3c1-535240192033,I. Division I: Services,Major Group 80: Health Services,Deliberate Practice,Socialization,Somatic Tacit Knowledge,Virtual Reality
a2749cb8-91e2-444f-a3c1-535240192033,I. Division I: Services,Major Group 80: Health Services,Deliberate Practice,Socialization,Relational Tacit Knowledge,AI
a2749cb8-91e2-444f-a3c1-535240192033,I. Division I: Services,Major Group 80: Health Services,Deliberate Practice,Socialization,Relational Tacit Knowledge,Virtual Reality
a2749cb8-91e2-444f-a3c1-535240192033,I. Division I: Services,Major Group 80: Health Services,Deliberate Practice,Socialization,Intellectual Tacit Knowledge,AI
a2749cb8-91e2-444f-a3c1-535240192033,I. Division I: Services,Major Group 80: Health Services,Deliberate Practice,Socialization,Intellectual Tacit Knowledge,Virtual Reality
a2749cb8-91e2-444f-a3c1-535240192033,I. Division I: Services,Major Group 80: Health Services,Deliberate Practice,Internalization,Somatic Tacit Knowledge,AI
a2749cb8-91e2-444f-a3c1-535240192033,I. Division I: Services,Major Group 80: Health Services,Deliberate Practice,Internalization,Somatic Tacit Knowledge,Virtual Reality
a2749cb8-91e2-444f-a3c1-535240192033,I. Division I: Services,Major Group 80: Health Services,Deliberate Practice,Internalization,Relational Tacit Knowledge,AI
a2749cb8-91e2-444f-a3c1-535240192033,I. Division I: Services,Major Group 80: Health Services,Deliberate Practice,Internalization,Relational Tacit Knowledge,Virtual Reality
a2749cb8-91e2-444f-a3c1-535240192033,I. Division I: Services,Major Group 80: Health Services,Deliberate Practice,Internalization,Intellectual Tacit Knowledge,AI
a2749cb8-91e2-444f-a3c1-535240192033,I. Division I: Services,Major Group 80: Health Services,Deliberate Practice,Internalization,Intellectual Tacit Knowledge,Virtual Reality
8dd8ed6e-e2a1-45d3-b30c-070b51580541,I. Division I: Services,Major Group 82: Educational Services,Online learning,Combination,Somatic Tacit Knowledge,Virtual Reality
8dd8ed6e-e2a1-45d3-b30c-070b51580541,I. Division I: Services,Major Group 82: Educational Services,Online learning,Combination,Intellectual Tacit Knowledge,Virtual Reality
8dd8ed6e-e2a1-45d3-b30c-070b51580541,I. Division I: Services,Major Group 82: Educational Services,Online learning,Internalization,Somatic Tacit Knowledge,Virtual Reality
8dd8ed6e-e2a1-45d3-b30c-070b51580541,I. Division I: Services,Major Group 82: Educational Services,Online learning,Internalization,Intellectual Tacit Knowledge,Virtual Reality
8dd8ed6e-e2a1-45d3-b30c-070b51580541,I. Division I: Services,Major Group 82: Educational Services,Online learning,Socialization,Somatic Tacit Knowledge,Virtual Reality
8dd8ed6e-e2a1-45d3-b30c-070b51580541,I. Division I: Services,Major Group 82: Educational Services,Online learning,Socialization,Intellectual Tacit Knowledge,Virtual Reality
ccbbd73b-6ced-4f6d-a049-2300da19e1bf,I. Division I: Services,Major Group 82: Educational Services,Deliberate Practice,Internalization,Intellectual Tacit Knowledge,Virtual Reality
e9fa7c5d-ca9a-4e20-8fbd-bfba5138de76,I. Division I: Services,Major Group 79: Amusement And Recreation Services,Deliberate Practice,,Intellectual Tacit Knowledge,Augment Reality
e9fa7c5d-ca9a-4e20-8fbd-bfba5138de76,I. Division I: Services,Major Group 79: Amusement And Recreation Services,Deliberate Practice,,Collective Tacit Knowledge,Augment Reality
03df7fc8-ac85-4cd2-823c-4915e958226a,I. Division I: Services,Major Group 82: Educational Services,Deliberate Practice,Internalization,Somatic Tacit Knowledge,AI
03df7fc8-ac85-4cd2-823c-4915e958226a,I. Division I: Services,Major Group 82: Educational Services,Deliberate Practice,Internalization,Intellectual Tacit Knowledge,AI
666c0d5c-87af-4b77-9519-a93f9719b36f,I. Division I: Services,Major Group 80: Health Services,Deliberate Practice,Socialization,Somatic Tacit Knowledge,Virtual Reality
666c0d5c-87af-4b77-9519-a93f9719b36f,I. Division I: Services,Major Group 80: Health Services,Deliberate Practice,Socialization,Somatic Tacit Knowledge,Augment Reality
666c0d5c-87af-4b77-9519-a93f9719b36f,I. Division I: Services,Major Group 80: Health Services,Deliberate Practice,Socialization,Intellectual Tacit Knowledge,Virtual Reality
666c0d5c-87af-4b77-9519-a93f9719b36f,I. Division I: Services,Major Group 80: Health Services,Deliberate Practice,Socialization,Intellectual Tacit Knowledge,Augment Reality
666c0d5c-87af-4b77-9519-a93f9719b36f,I. Division I: Services,Major Group 80: Health Services,Deliberate Practice,Internalization,Somatic Tacit Knowledge,Virtual Reality
666c0d5c-87af-4b77-9519-a93f9719b36f,I. Division I: Services,Major Group 80: Health Services,Deliberate Practice,Internalization,Somatic Tacit Knowledge,Augment Reality
666c0d5c-87af-4b77-9519-a93f9719b36f,I. Division I: Services,Major Group 80: Health Services,Deliberate Practice,Internalization,Intellectual Tacit Knowledge,Virtual Reality
666c0d5c-87af-4b77-9519-a93f9719b36f,I. Division I: Services,Major Group 80: Health Services,Deliberate Practice,Internalization,Intellectual Tacit Knowledge,Augment Reality
545231d3-9a8f-45e7-a6df-0f98dbc6f118,I. Division I: Services,"Major Group 87: Engineering, Accounting, Research, Management, And Related Services",Onboarding,,Relational Tacit Knowledge,Virtual Reality
545231d3-9a8f-45e7-a6df-0f98dbc6f118,I. Division I: Services,"Major Group 87: Engineering, Accounting, Research, Management, And Related Services",Onboarding,,Relational Tacit Knowledge,Augment Reality
545231d3-9a8f-45e7-a6df-0f98dbc6f118,I. Division I: Services,"Major Group 87: Engineering, Accounting, Research, Management, And Related Services",Onboarding,,Collective Tacit Knowledge,Virtual Reality
545231d3-9a8f-45e7-a6df-0f98dbc6f118,I. Division I: Services,"Major Group 87: Engineering, Accounting, Research, Management, And Related Services",Onboarding,,Collective Tacit Knowledge,Augment Reality
545231d3-9a8f-45e7-a6df-0f98dbc6f118,I. Division I: Services,"Major Group 87: Engineering, Accounting, Research, Management, And Related Services",Onboarding,,Intellectual Tacit Knowledge,Virtual Reality
545231d3-9a8f-45e7-a6df-0f98dbc6f118,I. Division I: Services,"Major Group 87: Engineering, Accounting, Research, Management, And Related Services",Onboarding,,Intellectual Tacit Knowledge,Augment Reality
ef18e9e9-65bd-4c56-907e-32988036a8a4,D. Division D: Manufacturing,Major Group 35: Industrial And Commercial Machinery And Computer Equipment,Deliberate Practice,Internalization,Somatic Tacit Knowledge,Virtual Reality
ef18e9e9-65bd-4c56-907e-32988036a8a4,D. Division D: Manufacturing,Major Group 35: Industrial And Commercial Machinery And Computer Equipment,Deliberate Practice,Internalization,Somatic Tacit Knowledge,Augment Reality
ef18e9e9-65bd-4c56-907e-32988036a8a4,D. Division D: Manufacturing,Major Group 35: Industrial And Commercial Machinery And Computer Equipment,Deliberate Practice,Internalization,Intellectual Tacit Knowledge,Virtual Reality
ef18e9e9-65bd-4c56-907e-32988036a8a4,D. Division D: Manufacturing,Major Group 35: Industrial And Commercial Machinery And Computer Equipment,Deliberate Practice,Internalization,Intellectual Tacit Knowledge,Augment Reality
fc5011bf-b5d8-4050-97a3-6a8477fc75ab,I. Division I: Services,Major Group 82: Educational Services,Deliberate Practice,Internalization,Somatic Tacit Knowledge,AI
fc5011bf-b5d8-4050-97a3-6a8477fc75ab,I. Division I: Services,Major Group 82: Educational Services,Deliberate Practice,Internalization,Somatic Tacit Knowledge,Virtual Reality
fc5011bf-b5d8-4050-97a3-6a8477fc75ab,I. Division I: Services,Major Group 82: Educational Services,Deliberate Practice,Internalization,Somatic Tacit Knowledge,Augmented Reality
fc5011bf-b5d8-4050-97a3-6a8477fc75ab,I. Division I: Services,Major Group 82: Educational Services,Deliberate Practice,Internalization,Intellectual Tacit Knowledge,AI
fc5011bf-b5d8-4050-97a3-6a8477fc75ab,I. Division I: Services,Major Group 82: Educational Services,Deliberate Practice,Internalization,Intellectual Tacit Knowledge,Virtual Reality
fc5011bf-b5d8-4050-97a3-6a8477fc75ab,I. Division I: Services,Major Group 82: Educational Services,Deliberate Practice,Internalization,Intellectual Tacit Knowledge,Augmented Reality
834c2369-a2b0-4e8d-810d-2a1c58b9e04b,I. Division I: Services,Major Group 82: Educational Services,Deliberate Practice,Internalization,Intellectual Tacit Knowledge,Virtual Reality
2c607675-5c54-48a6-92ae-3ef3783921d7,I. Division I: Services,Major Group 80: Health Services,Deliberate Practice,Internalization,Intellectual Tacit Knowledge,Virtual Reality
0c590b87-9656-4628-8758-44b95508e46d,D. Division D: Manufacturing,"Major Group 38: Measuring, Analyzing, And Controlling Instruments; Photographic, Medical And Optical Goods; Watches And Clocks",Immersive Design Reviews,,Intellectual Tacit Knowledge,Virtual Reality
0c590b87-9656-4628-8758-44b95508e46d,D. Division D: Manufacturing,"Major Group 38: Measuring, Analyzing, And Controlling Instruments; Photographic, Medical And Optical Goods; Watches And Clocks",Immersive Design Reviews,,Intellectual Tacit Knowledge,Digital Twins
0c590b87-9656-4628-8758-44b95508e46d,D. Division D: Manufacturing,"Major Group 38: Measuring, Analyzing, And Controlling Instruments; Photographic, Medical And Optical Goods; Watches And Clocks",Immersive Design Reviews,,Collective Tacit Knowledge,Virtual Reality
0c590b87-9656-4628-8758-44b95508e46d,D. Division D: Manufacturing,"Major Group 38: Measuring, Analyzing, And Controlling Instruments; Photographic, Medical And Optical Goods; Watches And Clocks",Immersive Design Reviews,,Collective Tacit Knowledge,Digital Twins
9617d15a-64ee-4124-9c6b-7773396bd139,B. Division B: Mining,Major Group 13: Oil And Gas Extraction,Communities of practice,,Collective Tacit Knowledge,AI
9617d15a-64ee-4124-9c6b-7773396bd139,B. Division B: Mining,Major Group 13: Oil And Gas Extraction,Communities of practice,,Intellectual Tacit Knowledge,AI
0b2f351e-ddfb-40c4-9c6e-21394827f0cb,I. Division I: Services,Major Group 82: Educational Services,Deliberate Practice,Internalization,Somatic Tacit Knowledge,Virtual Reality
0b2f351e-ddfb-40c4-9c6e-21394827f0cb,I. Division I: Services,Major Group 82: Educational Services,Deliberate Practice,Internalization,Intellectual Tacit Knowledge,Virtual Reality
4cf2ffd4-f0c3-45bb-af12-1826effe6c83,I. Division I: Services,Major Group 82: Educational Services,Deliberate Practice,Internalization,Somatic Tacit Knowledge,Virtual Reality
4cf2ffd4-f0c3-45bb-af12-1826effe6c83,I. Division I: Services,Major Group 82: Educational Services,Deliberate Practice,Internalization,Intellectual Tacit Knowledge,Virtual Reality
faa1db4b-3ac9-4e31-9b86-f878e248ccb1,I. Division I: Services,Major Group 82: Educational Services,Mentoring,Internalization,Intellectual Tacit Knowledge,AI
faa1db4b-3ac9-4e31-9b86-f878e248ccb1,I. Division I: Services,Major Group 82: Educational Services,Mentoring,Externalization,Intellectual Tacit Knowledge,AI
be777135-06e1-4a35-89cc-4f6af9979a77,I. Division I: Services,Major Group 82: Educational Services,Active Learning Strategies,Internalization,Intellectual Tacit Knowledge,AI
4f88dbdb-ceee-4f89-b0d9-b20a23de5a41,I. Division I: Services,Major Group 82: Educational Services,Simulation-based training,Internalization,Intellectual Tacit Knowledge,Virtual Reality
4f88dbdb-ceee-4f89-b0d9-b20a23de5a41,I. Division I: Services,Major Group 82: Educational Services,Simulation-based training,Internalization,Somatic Tacit Knowledge,Virtual Reality
273ffe5c-4ded-49fb-b052-a5bb11546246,I. Division I: Services,Major Group 82: Educational Services,Deliberate Practice,Internalization,Intellectual Tacit Knowledge,AI
dbb93208-fbb1-4f9b-b4f2-85a0e6763b35,I. Division I: Services,Major Group 82: Educational Services,Deliberate Practice,Internalization,Intellectual Tacit Knowledge,AI
4d30c7cb-0a01-4345-aac4-4685d74405f9,D. Division D: Manufacturing,Major Group 39: Miscellaneous Manufacturing Industries,Knowledge Harvesting Workshops,Externalization,Intellectual Tacit Knowledge,AI
4d30c7cb-0a01-4345-aac4-4685d74405f9,D. Division D: Manufacturing,Major Group 39: Miscellaneous Manufacturing Industries,Knowledge Harvesting Workshops,Combination,Intellectual Tacit Knowledge,AI
196a1454-72a4-4385-95ff-7b0497a8b369,I. Division I: Services,Major Group 82: Educational Services,Deliberate Practice,,Somatic Tacit Knowledge,Virtual Reality
196a1454-72a4-4385-95ff-7b0497a8b369,I. Division I: Services,Major Group 82: Educational Services,Deliberate Practice,,Intellectual Tacit Knowledge,Virtual Reality
196a1454-72a4-4385-95ff-7b0497a8b369,I. Division I: Services,Major Group 82: Educational Services,Deliberate Practice,,Relational Tacit Knowledge,Virtual Reality
6f516bbd-8531-413c-8c15-410b8971a298,D. Division D: Manufacturing,Major Group 35: Industrial And Commercial Machinery And Computer Equipment,Deliberate Practice,Internalization,Somatic Tacit Knowledge,Virtual Reality
6f516bbd-8531-413c-8c15-410b8971a298,D. Division D: Manufacturing,Major Group 35: Industrial And Commercial Machinery And Computer Equipment,Deliberate Practice,Internalization,Somatic Tacit Knowledge,Augment Reality
6f516bbd-8531-413c-8c15-410b8971a298,D. Division D: Manufacturing,Major Group 35: Industrial And Commercial Machinery And Computer Equipment,Deliberate Practice,Internalization,Intellectual Tacit Knowledge,Virtual Reality
6f516bbd-8531-413c-8c15-410b8971a298,D. Division D: Manufacturing,Major Group 35: Industrial And Commercial Machinery And Computer Equipment,Deliberate Practice,Internalization,Intellectual Tacit Knowledge,Augment Reality
14cc877a-3db4-4d1b-ba1f-056845f12218,I. Division I: Services,"Major Group 84: Museums, Art Galleries, And Botanical And Zoological Gardens",VR Simulation,Externalization,Intellectual Tacit Knowledge,Virtual Reality
14cc877a-3db4-4d1b-ba1f-056845f12218,I. Division I: Services,"Major Group 84: Museums, Art Galleries, And Botanical And Zoological Gardens",VR Simulation,Externalization,Collective Tacit Knowledge,Virtual Reality
14cc877a-3db4-4d1b-ba1f-056845f12218,I. Division I: Services,"Major Group 84: Museums, Art Galleries, And Botanical And Zoological Gardens",VR Simulation,Internalization,Intellectual Tacit Knowledge,Virtual Reality
14cc877a-3db4-4d1b-ba1f-056845f12218,I. Division I: Services,"Major Group 84: Museums, Art Galleries, And Botanical And Zoological Gardens",VR Simulation,Internalization,Collective Tacit Knowledge,Virtual Reality
3b49fd6b-0ee5-497c-818f-d228fe37c8f6,I. Division I: Services,Major Group 82: Educational Services,Deliberate Practice,Internalization,Somatic Tacit Knowledge,AI
3b49fd6b-0ee5-497c-818f-d228fe37c8f6,I. Division I: Services,Major Group 82: Educational Services,Deliberate Practice,Internalization,Intellectual Tacit Knowledge,AI
3b49fd6b-0ee5-497c-818f-d228fe37c8f6,I. Division I: Services,Major Group 82: Educational Services,Deliberate Practice,Combination,Somatic Tacit Knowledge,AI
3b49fd6b-0ee5-497c-818f-d228fe37c8f6,I. Division I: Services,Major Group 82: Educational Services,Deliberate Practice,Combination,Intellectual Tacit Knowledge,AI
b7329917-47ab-4f2f-b7a9-052dc59e0656,I. Division I: Services,Major Group 82: Educational Services,Deliberate Practice,,Somatic Tacit Knowledge,Virtual Reality
b7329917-47ab-4f2f-b7a9-052dc59e0656,I. Division I: Services,Major Group 82: Educational Services,Deliberate Practice,,Intellectual Tacit Knowledge,Virtual Reality
b7329917-47ab-4f2f-b7a9-052dc59e0656,I. Division I: Services,Major Group 82: Educational Services,Deliberate Practice,,Relational Tacit Knowledge,Virtual Reality
1ad9acbc-3b6e-4594-8b47-775681634fc4,J. Division J: Public Administration,Major Group 97: National Security And International Affairs,Deliberate Practice,Internalization,,Virtual Reality
1ad9acbc-3b6e-4594-8b47-775681634fc4,J. Division J: Public Administration,Major Group 97: National Security And International Affairs,Deliberate Practice,Socialization,,Virtual Reality
f45c222a-2917-44d7-8ad2-a513cc98720b,D. Division D: Manufacturing,Major Group 35: Industrial And Commercial Machinery And Computer Equipment,Deliberate Practice,Internalization,Somatic Tacit Knowledge,AI
f45c222a-2917-44d7-8ad2-a513cc98720b,D. Division D: Manufacturing,Major Group 35: Industrial And Commercial Machinery And Computer Equipment,Deliberate Practice,Internalization,Somatic Tacit Knowledge,Virtual Reality
f45c222a-2917-44d7-8ad2-a513cc98720b,D. Division D: Manufacturing,Major Group 35: Industrial And Commercial Machinery And Computer Equipment,Deliberate Practice,Internalization,Somatic Tacit Knowledge,Augmented Reality
f45c222a-2917-44d7-8ad2-a513cc98720b,D. Division D: Manufacturing,Major Group 35: Industrial And Commercial Machinery And Computer Equipment,Deliberate Practice,Internalization,Intellectual Tacit Knowledge,AI
f45c222a-2917-44d7-8ad2-a513cc98720b,D. Division D: Manufacturing,Major Group 35: Industrial And Commercial Machinery And Computer Equipment,Deliberate Practice,Internalization,Intellectual Tacit Knowledge,Virtual Reality
f45c222a-2917-44d7-8ad2-a513cc98720b,D. Division D: Manufacturing,Major Group 35: Industrial And Commercial Machinery And Computer Equipment,Deliberate Practice,Internalization,Intellectual Tacit Knowledge,Augmented Reality
57902f25-7162-430e-b32e-ff0636939533,I. Division I: Services,Major Group 82: Educational Services,Instructional Video Training,Internalization,Intellectual Tacit Knowledge,AI
f5064dcb-0b88-4002-a3ea-350098663f13,I. Division I: Services,Major Group 82: Educational Services,Deliberate Practice,Internalization,Intellectual Tacit Knowledge,Virtual Reality
2e74d58f-49fb-4ad2-8190-6588311b9b78,I. Division I: Services,Major Group 82: Educational Services,Deliberate Practice,Externalization,Intellectual Tacit Knowledge,AI
2e74d58f-49fb-4ad2-8190-6588311b9b78,I. Division I: Services,Major Group 82: Educational Services,Deliberate Practice,Internalization,Intellectual Tacit Knowledge,AI
6307d026-93f9-4714-848a-f32c7abbeb58,D. Division D: Manufacturing,"Major Group 34: Fabricated Metal Products, Except Machinery And Transportation Equipment",Knowledge capture,Externalization,Somatic Tacit Knowledge,Augmented Reality
6307d026-93f9-4714-848a-f32c7abbeb58,D. Division D: Manufacturing,"Major Group 34: Fabricated Metal Products, Except Machinery And Transportation Equipment",Knowledge capture,Externalization,Intellectual Tacit Knowledge,Augmented Reality
6307d026-93f9-4714-848a-f32c7abbeb58,D. Division D: Manufacturing,"Major Group 34: Fabricated Metal Products, Except Machinery And Transportation Equipment",Instruction,Internalization,Somatic Tacit Knowledge,Augmented Reality
6307d026-93f9-4714-848a-f32c7abbeb58,D. Division D: Manufacturing,"Major Group 34: Fabricated Metal Products, Except Machinery And Transportation Equipment",Instruction,Internalization,Intellectual Tacit Knowledge,Augmented Reality
f16e4a2b-e279-4aed-8986-4643c708b39c,I. Division I: Services,Major Group 80: Health Services,Deliberate Practice,Internalization,Somatic Tacit Knowledge,Virtual Reality
f16e4a2b-e279-4aed-8986-4643c708b39c,I. Division I: Services,Major Group 80: Health Services,Deliberate Practice,Internalization,Intellectual Tacit Knowledge,Virtual Reality
00c52d08-1bc9-4527-bef2-dd5ae3353002,I. Division I: Services,Major Group 80: Health Services,Deliberate Practice,Internalization,Somatic Tacit Knowledge,Virtual Reality
00c52d08-1bc9-4527-bef2-dd5ae3353002,I. Division I: Services,Major Group 80: Health Services,Deliberate Practice,Internalization,Intellectual Tacit Knowledge,Virtual Reality
7d3603ba-2dd7-44c7-8dfb-6be44ad8d443,I. Division I: Services,Major Group 82: Educational Services,Storytelling,Internalization,Collective Tacit Knowledge,AI
7d3603ba-2dd7-44c7-8dfb-6be44ad8d443,I. Division I: Services,Major Group 82: Educational Services,Storytelling,Internalization,Intellectual Tacit Knowledge,AI
db31196e-9c00-42af-9be3-01de23ab2ef2,I. Division I: Services,Major Group 80: Health Services,Problem-based learning,Socialization,Intellectual Tacit Knowledge,AI
db31196e-9c00-42af-9be3-01de23ab2ef2,I. Division I: Services,Major Group 80: Health Services,Problem-based learning,Socialization,Collective Tacit Knowledge,AI
db31196e-9c00-42af-9be3-01de23ab2ef2,I. Division I: Services,Major Group 80: Health Services,Problem-based learning,Externalization,Intellectual Tacit Knowledge,AI
db31196e-9c00-42af-9be3-01de23ab2ef2,I. Division I: Services,Major Group 80: Health Services,Problem-based learning,Externalization,Collective Tacit Knowledge,AI
db31196e-9c00-42af-9be3-01de23ab2ef2,I. Division I: Services,Major Group 80: Health Services,Problem-based learning,Internalization,Intellectual Tacit Knowledge,AI
db31196e-9c00-42af-9be3-01de23ab2ef2,I. Division I: Services,Major Group 80: Health Services,Problem-based learning,Internalization,Collective Tacit Knowledge,AI
db31196e-9c00-42af-9be3-01de23ab2ef2,I. Division I: Services,Major Group 80: Health Services,Case-based learning,Socialization,Intellectual Tacit Knowledge,AI
db31196e-9c00-42af-9be3-01de23ab2ef2,I. Division I: Services,Major Group 80: Health Services,Case-based learning,Socialization,Somatic Tacit Knowledge,AI
db31196e-9c00-42af-9be3-01de23ab2ef2,I. Division I: Services,Major Group 80: Health Services,Case-based learning,Externalization,Intellectual Tacit Knowledge,AI
db31196e-9c00-42af-9be3-01de23ab2ef2,I. Division I: Services,Major Group 80: Health Services,Case-based learning,Externalization,Somatic Tacit Knowledge,AI
db31196e-9c00-42af-9be3-01de23ab2ef2,I. Division I: Services,Major Group 80: Health Services,Case-based learning,Internalization,Intellectual Tacit Knowledge,AI
db31196e-9c00-42af-9be3-01de23ab2ef2,I. Division I: Services,Major Group 80: Health Services,Case-based learning,Internalization,Somatic Tacit Knowledge,AI
ae669643-8488-4d15-8cb4-03ad3fe73646,I. Division I: Services,Major Group 82: Educational Services,Deliberate Practice,Internalization,Somatic Tacit Knowledge,Virtual Reality
ae669643-8488-4d15-8cb4-03ad3fe73646,I. Division I: Services,Major Group 82: Educational Services,Deliberate Practice,Internalization,Somatic Tacit Knowledge,Augmented Reality
ae669643-8488-4d15-8cb4-03ad3fe73646,I. Division I: Services,Major Group 82: Educational Services,Deliberate Practice,Internalization,Somatic Tacit Knowledge,AI
ae669643-8488-4d15-8cb4-03ad3fe73646,I. Division I: Services,Major Group 82: Educational Services,Deliberate Practice,Internalization,Intellectual Tacit Knowledge,Virtual Reality
ae669643-8488-4d15-8cb4-03ad3fe73646,I. Division I: Services,Major Group 82: Educational Services,Deliberate Practice,Internalization,Intellectual Tacit Knowledge,Augmented Reality
ae669643-8488-4d15-8cb4-03ad3fe73646,I. Division I: Services,Major Group 82: Educational Services,Deliberate Practice,Internalization,Intellectual Tacit Knowledge,AI
0114ec6f-4c81-4d24-aef4-950d9724447a,I. Division I: Services,Major Group 82: Educational Services,Deliberate Practice,Internalization,Somatic Tacit Knowledge,Virtual Reality
0114ec6f-4c81-4d24-aef4-950d9724447a,I. Division I: Services,Major Group 82: Educational Services,Deliberate Practice,Internalization,Somatic Tacit Knowledge,Augment Reality
0114ec6f-4c81-4d24-aef4-950d9724447a,I. Division I: Services,Major Group 82: Educational Services,Deliberate Practice,Internalization,Intellectual Tacit Knowledge,Virtual Reality
0114ec6f-4c81-4d24-aef4-950d9724447a,I. Division I: Services,Major Group 82: Educational Services,Deliberate Practice,Internalization,Intellectual Tacit Knowledge,Augment Reality
0114ec6f-4c81-4d24-aef4-950d9724447a,I. Division I: Services,Major Group 82: Educational Services,Deliberate Practice,Socialization,Somatic Tacit Knowledge,Virtual Reality
0114ec6f-4c81-4d24-aef4-950d9724447a,I. Division I: Services,Major Group 82: Educational Services,Deliberate Practice,Socialization,Somatic Tacit Knowledge,Augment Reality
0114ec6f-4c81-4d24-aef4-950d9724447a,I. Division I: Services,Major Group 82: Educational Services,Deliberate Practice,Socialization,Intellectual Tacit Knowledge,Virtual Reality
0114ec6f-4c81-4d24-aef4-950d9724447a,I. Division I: Services,Major Group 82: Educational Services,Deliberate Practice,Socialization,Intellectual Tacit Knowledge,Augment Reality
a0fd26b0-e57d-433b-bb66-32a8f777dc81,I. Division I: Services,Major Group 82: Educational Services,Immersive Virtual Reality Experiences,Internalization,Somatic Tacit Knowledge,Virtual Reality
a0fd26b0-e57d-433b-bb66-32a8f777dc81,I. Division I: Services,Major Group 82: Educational Services,Immersive Virtual Reality Experiences,Internalization,Intellectual Tacit Knowledge,Virtual Reality
b71298fb-78e6-453d-951d-c30bbc197444,I. Division I: Services,Major Group 82: Educational Services,Deliberate Practice,Internalization,Somatic Tacit Knowledge,Augment Reality
67dac3a8-12df-4ac4-9a20-207838fd7527,I. Division I: Services,Major Group 80: Health Services,Job shadowing,Externalization,Somatic Tacit Knowledge,Virtual Reality
67dac3a8-12df-4ac4-9a20-207838fd7527,I. Division I: Services,Major Group 80: Health Services,Job shadowing,Externalization,Intellectual Tacit Knowledge,Virtual Reality
67dac3a8-12df-4ac4-9a20-207838fd7527,I. Division I: Services,Major Group 80: Health Services,Job shadowing,Internalization,Somatic Tacit Knowledge,Virtual Reality
67dac3a8-12df-4ac4-9a20-207838fd7527,I. Division I: Services,Major Group 80: Health Services,Job shadowing,Internalization,Intellectual Tacit Knowledge,Virtual Reality
4a3bcbb7-b547-48fa-96e1-2f81ef0479ce,I. Division I: Services,Major Group 80: Health Services,Deliberate Practice,Internalization,Somatic Tacit Knowledge,Virtual Reality
cf73dbe5-c8b5-47d7-b10c-f161a41c022a,I. Division I: Services,Major Group 73: Business Services,Communities of practice,Socialization,Intellectual Tacit Knowledge,Enterprise Social Media
cf73dbe5-c8b5-47d7-b10c-f161a41c022a,I. Division I: Services,Major Group 73: Business Services,Communities of practice,Socialization,Relational Tacit Knowledge,Enterprise Social Media
cf73dbe5-c8b5-47d7-b10c-f161a41c022a,I. Division I: Services,Major Group 73: Business Services,Communities of practice,Externalization,Intellectual Tacit Knowledge,Enterprise Social Media
cf73dbe5-c8b5-47d7-b10c-f161a41c022a,I. Division I: Services,Major Group 73: Business Services,Communities of practice,Externalization,Relational Tacit Knowledge,Enterprise Social Media
278fc997-5103-451d-a611-cdc2a540b1d2,I. Division I: Services,Major Group 82: Educational Services,Case-Based Learning,Internalization,Intellectual Tacit Knowledge,Virtual Reality
d519bb1b-efa4-4702-ab05-4a30cbb7ce21,D. Division D: Manufacturing,Major Group 35: Industrial And Commercial Machinery And Computer Equipment,Deliberate Practice,Externalization,Somatic Tacit Knowledge,Augment Reality
d519bb1b-efa4-4702-ab05-4a30cbb7ce21,D. Division D: Manufacturing,Major Group 35: Industrial And Commercial Machinery And Computer Equipment,Deliberate Practice,Internalization,Somatic Tacit Knowledge,Augment Reality
30966ddd-e61e-4284-8429-fd3613c63d7f,I. Division I: Services,Major Group 80: Health Services,Deliberate Practice,Internalization,Somatic Tacit Knowledge,Virtual Reality
381ff03f-d057-465f-ac5b-c1f2b7f8b8f4,I. Division I: Services,Major Group 82: Educational Services,Deliberate Practice,Internalization,Somatic Tacit Knowledge,AI
381ff03f-d057-465f-ac5b-c1f2b7f8b8f4,I. Division I: Services,Major Group 82: Educational Services,Deliberate Practice,Internalization,Somatic Tacit Knowledge,Augment Reality
381ff03f-d057-465f-ac5b-c1f2b7f8b8f4,I. Division I: Services,Major Group 82: Educational Services,Deliberate Practice,Internalization,Intellectual Tacit Knowledge,AI
381ff03f-d057-465f-ac5b-c1f2b7f8b8f4,I. Division I: Services,Major Group 82: Educational Services,Deliberate Practice,Internalization,Intellectual Tacit Knowledge,Augment Reality
247dfaa5-84ae-417f-b992-048263b5b0b9,I. Division I: Services,Major Group 82: Educational Services,Deliberate Practice,Internalization,Intellectual Tacit Knowledge,Virtual Reality
247dfaa5-84ae-417f-b992-048263b5b0b9,I. Division I: Services,Major Group 82: Educational Services,Deliberate Practice,Internalization,Somatic Tacit Knowledge,Virtual Reality
f445681a-a80b-4046-af8b-f40199527ea6,I. Division I: Services,Major Group 80: Health Services,Education,Externalization,Intellectual Tacit Knowledge,Virtual Reality
f445681a-a80b-4046-af8b-f40199527ea6,I. Division I: Services,Major Group 80: Health Services,Education,Externalization,Somatic Tacit Knowledge,Virtual Reality
f445681a-a80b-4046-af8b-f40199527ea6,I. Division I: Services,Major Group 80: Health Services,Education,Internalization,Intellectual Tacit Knowledge,Virtual Reality
f445681a-a80b-4046-af8b-f40199527ea6,I. Division I: Services,Major Group 80: Health Services,Education,Internalization,Somatic Tacit Knowledge,Virtual Reality
dd16cf80-60a3-4c39-b33f-4e124f1150ae,I. Division I: Services,Major Group 82: Educational Services,Deliberate Practice,Internalization,Somatic Tacit Knowledge,Virtual Reality
dd16cf80-60a3-4c39-b33f-4e124f1150ae,I. Division I: Services,Major Group 82: Educational Services,Deliberate Practice,Internalization,Intellectual Tacit Knowledge,Virtual Reality
3f70f624-73e8-4e88-b01a-b14c67ed3930,I. Division I: Services,Major Group 82: Educational Services,Deliberate Practice,Internalization,Intellectual Tacit Knowledge,Virtual Reality
3f70f624-73e8-4e88-b01a-b14c67ed3930,I. Division I: Services,Major Group 82: Educational Services,Deliberate Practice,Internalization,Intellectual Tacit Knowledge,Augment Reality
3f70f624-73e8-4e88-b01a-b14c67ed3930,I. Division I: Services,Major Group 82: Educational Services,Deliberate Practice,Internalization,Intellectual Tacit Knowledge,Big Data
9df4536a-8bff-4ace-b1d8-048b195a4d7f,C. Division C: Construction,Major Group 15: Building Construction General Contractors And Operative Builders,Deliberate Practice,Internalization,Somatic Tacit Knowledge,Virtual Reality
9df4536a-8bff-4ace-b1d8-048b195a4d7f,C. Division C: Construction,Major Group 15: Building Construction General Contractors And Operative Builders,Deliberate Practice,Internalization,Intellectual Tacit Knowledge,Virtual Reality
3fcd0e5b-d4e4-43cc-96df-00ddf1f6307e,I. Division I: Services,Major Group 80: Health Services,Communities of practice,Socialization,Relational Tacit Knowledge,AI
3fcd0e5b-d4e4-43cc-96df-00ddf1f6307e,I. Division I: Services,Major Group 80: Health Services,Communities of practice,Socialization,Collective Tacit Knowledge,AI
3fcd0e5b-d4e4-43cc-96df-00ddf1f6307e,I. Division I: Services,Major Group 80: Health Services,Communities of practice,Socialization,Intellectual Tacit Knowledge,AI
3fcd0e5b-d4e4-43cc-96df-00ddf1f6307e,I. Division I: Services,Major Group 80: Health Services,Communities of practice,Internalization,Relational Tacit Knowledge,AI
3fcd0e5b-d4e4-43cc-96df-00ddf1f6307e,I. Division I: Services,Major Group 80: Health Services,Communities of practice,Internalization,Collective Tacit Knowledge,AI
3fcd0e5b-d4e4-43cc-96df-00ddf1f6307e,I. Division I: Services,Major Group 80: Health Services,Communities of practice,Internalization,Intellectual Tacit Knowledge,AI
ae5cc6d7-0ef4-4d23-aa40-9aa80b204d25,I. Division I: Services,Major Group 82: Educational Services,Job shadowing,Internalization,Somatic Tacit Knowledge,Virtual Reality
704bf443-2bb5-4845-862f-34eb917906cf,I. Division I: Services,Major Group 82: Educational Services,Deliberate Practice,Externalization,Somatic Tacit Knowledge,Augment Reality
704bf443-2bb5-4845-862f-34eb917906cf,I. Division I: Services,Major Group 82: Educational Services,Deliberate Practice,Internalization,Somatic Tacit Knowledge,Augment Reality
2694b6a8-1577-4499-9629-d7e0d18f4183,I. Division I: Services,"Major Group 87: Engineering, Accounting, Research, Management, And Related Services",Onboarding,Socialization,Collective Tacit Knowledge,Virtual Reality
2694b6a8-1577-4499-9629-d7e0d18f4183,I. Division I: Services,"Major Group 87: Engineering, Accounting, Research, Management, And Related Services",Onboarding,Socialization,Relational Tacit Knowledge,Virtual Reality
2694b6a8-1577-4499-9629-d7e0d18f4183,I. Division I: Services,"Major Group 87: Engineering, Accounting, Research, Management, And Related Services",Onboarding,Internalization,Collective Tacit Knowledge,Virtual Reality
2694b6a8-1577-4499-9629-d7e0d18f4183,I. Division I: Services,"Major Group 87: Engineering, Accounting, Research, Management, And Related Services",Onboarding,Internalization,Relational Tacit Knowledge,Virtual Reality
05b22b17-ceda-4ee6-9612-b4834e353937,I. Division I: Services,Major Group 82: Educational Services,Deliberate Practice,Combination,Intellectual Tacit Knowledge,AI
05b22b17-ceda-4ee6-9612-b4834e353937,I. Division I: Services,Major Group 82: Educational Services,Deliberate Practice,Internalization,Intellectual Tacit Knowledge,AI
f6438e78-8c56-4470-90af-9881f1d29d9e,I. Division I: Services,Major Group 82: Educational Services,Storytelling,Internalization,Intellectual Tacit Knowledge,AI
f6438e78-8c56-4470-90af-9881f1d29d9e,I. Division I: Services,Major Group 82: Educational Services,Storytelling,Internalization,Collective Tacit Knowledge,AI
01edcf2a-7a56-4b0f-93ae-ed4af8ff0f97,I. Division I: Services,Major Group 82: Educational Services,Deliberate Practice,Internalization,Intellectual Tacit Knowledge,Augment Reality
01edcf2a-7a56-4b0f-93ae-ed4af8ff0f97,I. Division I: Services,Major Group 82: Educational Services,Deliberate Practice,Internalization,Somatic Tacit Knowledge,Augment Reality
61e43134-a90d-4e8e-b3c8-fc8a10f14349,B. Division B: Mining,Major Group 10: Metal Mining,Deliberate Practice,Internalization,Somatic Tacit Knowledge,Virtual Reality
61e43134-a90d-4e8e-b3c8-fc8a10f14349,B. Division B: Mining,Major Group 10: Metal Mining,Deliberate Practice,Internalization,Somatic Tacit Knowledge,Augment Reality
61e43134-a90d-4e8e-b3c8-fc8a10f14349,B. Division B: Mining,Major Group 10: Metal Mining,Deliberate Practice,Internalization,Intellectual Tacit Knowledge,Virtual Reality
61e43134-a90d-4e8e-b3c8-fc8a10f14349,B. Division B: Mining,Major Group 10: Metal Mining,Deliberate Practice,Internalization,Intellectual Tacit Knowledge,Augment Reality
c555b6a6-3633-47e5-9498-e35d4eeda879,I. Division I: Services,Major Group 82: Educational Services,Deliberate Practice,Internalization,Somatic Tacit Knowledge,Virtual Reality
c555b6a6-3633-47e5-9498-e35d4eeda879,I. Division I: Services,Major Group 82: Educational Services,Deliberate Practice,Internalization,Somatic Tacit Knowledge,Digital Twins
c555b6a6-3633-47e5-9498-e35d4eeda879,I. Division I: Services,Major Group 82: Educational Services,Deliberate Practice,Internalization,Intellectual Tacit Knowledge,Virtual Reality
c555b6a6-3633-47e5-9498-e35d4eeda879,I. Division I: Services,Major Group 82: Educational Services,Deliberate Practice,Internalization,Intellectual Tacit Knowledge,Digital Twins
1dd89634-d0b6-4314-95be-ff8d9d79350d,I. Division I: Services,Major Group 82: Educational Services,Deliberate Practice,Internalization,Intellectual Tacit Knowledge,Virtual Reality
1dd89634-d0b6-4314-95be-ff8d9d79350d,I. Division I: Services,Major Group 82: Educational Services,Deliberate Practice,Internalization,Intellectual Tacit Knowledge,Augment Reality
3e6eb6db-ace6-4d15-937c-1608115b3d16,I. Division I: Services,Major Group 82: Educational Services,Deliberate Practice,Internalization,Somatic Tacit Knowledge,Virtual Reality
3e6eb6db-ace6-4d15-937c-1608115b3d16,I. Division I: Services,Major Group 82: Educational Services,Deliberate Practice,Internalization,Somatic Tacit Knowledge,Augmented Reality
3e6eb6db-ace6-4d15-937c-1608115b3d16,I. Division I: Services,Major Group 82: Educational Services,Deliberate Practice,Internalization,Intellectual Tacit Knowledge,Virtual Reality
3e6eb6db-ace6-4d15-937c-1608115b3d16,I. Division I: Services,Major Group 82: Educational Services,Deliberate Practice,Internalization,Intellectual Tacit Knowledge,Augmented Reality
3e6eb6db-ace6-4d15-937c-1608115b3d16,I. Division I: Services,Major Group 82: Educational Services,Communities of practice,Socialization,Relational Tacit Knowledge,Virtual Reality
3e6eb6db-ace6-4d15-937c-1608115b3d16,I. Division I: Services,Major Group 82: Educational Services,Communities of practice,Socialization,Relational Tacit Knowledge,Augmented Reality
3e6eb6db-ace6-4d15-937c-1608115b3d16,I. Division I: Services,Major Group 82: Educational Services,Communities of practice,Socialization,Collective Tacit Knowledge,Virtual Reality
3e6eb6db-ace6-4d15-937c-1608115b3d16,I. Division I: Services,Major Group 82: Educational Services,Communities of practice,Socialization,Collective Tacit Knowledge,Augmented Reality
3e6eb6db-ace6-4d15-937c-1608115b3d16,I. Division I: Services,Major Group 82: Educational Services,Communities of practice,Externalization,Relational Tacit Knowledge,Virtual Reality
3e6eb6db-ace6-4d15-937c-1608115b3d16,I. Division I: Services,Major Group 82: Educational Services,Communities of practice,Externalization,Relational Tacit Knowledge,Augmented Reality
3e6eb6db-ace6-4d15-937c-1608115b3d16,I. Division I: Services,Major Group 82: Educational Services,Communities of practice,Externalization,Collective Tacit Knowledge,Virtual Reality
3e6eb6db-ace6-4d15-937c-1608115b3d16,I. Division I: Services,Major Group 82: Educational Services,Communities of practice,Externalization,Collective Tacit Knowledge,Augmented Reality
a486d53e-194c-4aed-881b-3fdb0af53bc0,I. Division I: Services,Major Group 82: Educational Services,Deliberate Practice,Internalization,Somatic Tacit Knowledge,Virtual Reality
a486d53e-194c-4aed-881b-3fdb0af53bc0,I. Division I: Services,Major Group 82: Educational Services,Deliberate Practice,Internalization,Intellectual Tacit Knowledge,Virtual Reality
a486d53e-194c-4aed-881b-3fdb0af53bc0,I. Division I: Services,Major Group 82: Educational Services,Deliberate Practice,Combination,Somatic Tacit Knowledge,Virtual Reality
a486d53e-194c-4aed-881b-3fdb0af53bc0,I. Division I: Services,Major Group 82: Educational Services,Deliberate Practice,Combination,Intellectual Tacit Knowledge,Virtual Reality
fc92cc1e-1a96-4556-be35-33ba615625ff,"E. Division E: Transportation, Communications, Electric, Gas, And Sanitary Services","Major Group 49: Electric, Gas, And Sanitary Services",Deliberate Practice,Internalization,Somatic Tacit Knowledge,Virtual Reality
fc92cc1e-1a96-4556-be35-33ba615625ff,"E. Division E: Transportation, Communications, Electric, Gas, And Sanitary Services","Major Group 49: Electric, Gas, And Sanitary Services",Deliberate Practice,Internalization,Intellectual Tacit Knowledge,Virtual Reality
1c1199d1-05d4-48d3-910e-aeb09c21d943,C. Division C: Construction,Major Group 15: Building Construction General Contractors And Operative Builders,Deliberate Practice,Internalization,Somatic Tacit Knowledge,Virtual Reality
1c1199d1-05d4-48d3-910e-aeb09c21d943,C. Division C: Construction,Major Group 15: Building Construction General Contractors And Operative Builders,Deliberate Practice,Internalization,Somatic Tacit Knowledge,Augmented Reality
1c1199d1-05d4-48d3-910e-aeb09c21d943,C. Division C: Construction,Major Group 15: Building Construction General Contractors And Operative Builders,Deliberate Practice,Internalization,Intellectual Tacit Knowledge,Virtual Reality
1c1199d1-05d4-48d3-910e-aeb09c21d943,C. Division C: Construction,Major Group 15: Building Construction General Contractors And Operative Builders,Deliberate Practice,Internalization,Intellectual Tacit Knowledge,Augmented Reality
30d56ee1-ebe8-4ff1-86e6-7d013a738d4d,I. Division I: Services,Major Group 79: Amusement And Recreation Services,Executive Development Programme,,Relational Tacit Knowledge,Big Data
30d56ee1-ebe8-4ff1-86e6-7d013a738d4d,I. Division I: Services,Major Group 79: Amusement And Recreation Services,Executive Development Programme,,Relational Tacit Knowledge,AI
30d56ee1-ebe8-4ff1-86e6-7d013a738d4d,I. Division I: Services,Major Group 79: Amusement And Recreation Services,Executive Development Programme,,Collective Tacit Knowledge,Big Data
30d56ee1-ebe8-4ff1-86e6-7d013a738d4d,I. Division I: Services,Major Group 79: Amusement And Recreation Services,Executive Development Programme,,Collective Tacit Knowledge,AI
30d56ee1-ebe8-4ff1-86e6-7d013a738d4d,I. Division I: Services,Major Group 79: Amusement And Recreation Services,Executive Development Programme,,Intellectual Tacit Knowledge,Big Data
30d56ee1-ebe8-4ff1-86e6-7d013a738d4d,I. Division I: Services,Major Group 79: Amusement And Recreation Services,Executive Development Programme,,Intellectual Tacit Knowledge,AI
cec2f90e-722f-4244-a65b-6495923a82e8,C. Division C: Construction,Major Group 16: Heavy Construction Other Than Building Construction Contractors,Deliberate Practice,Internalization,Intellectual Tacit Knowledge,Virtual Reality
cec2f90e-722f-4244-a65b-6495923a82e8,C. Division C: Construction,Major Group 16: Heavy Construction Other Than Building Construction Contractors,Deliberate Practice,Internalization,Somatic Tacit Knowledge,Virtual Reality
d6aba3f3-0fd6-4fd1-8554-07812fb3b76a,I. Division I: Services,"Major Group 87: Engineering, Accounting, Research, Management, And Related Services",Communities of practice,Combination,Intellectual Tacit Knowledge,AI
d6aba3f3-0fd6-4fd1-8554-07812fb3b76a,I. Division I: Services,"Major Group 87: Engineering, Accounting, Research, Management, And Related Services",Communities of practice,Combination,Intellectual Tacit Knowledge,Blockchain
e0bc9e3d-a3a0-45de-a60d-d7d1f72df7a0,I. Division I: Services,Major Group 82: Educational Services,Deliberate Practice,Internalization,Intellectual Tacit Knowledge,Augment Reality
019416b5-ff71-468c-b1a8-df80bcd9b0bd,D. Division D: Manufacturing,Major Group 35: Industrial And Commercial Machinery And Computer Equipment,Mentoring,Externalization,Intellectual Tacit Knowledge,AI
019416b5-ff71-468c-b1a8-df80bcd9b0bd,D. Division D: Manufacturing,Major Group 35: Industrial And Commercial Machinery And Computer Equipment,Mentoring,Internalization,Intellectual Tacit Knowledge,AI
b5ceef70-3e84-4fb0-8377-5560282e1215,I. Division I: Services,Major Group 82: Educational Services,Deliberate Practice,Internalization,Somatic Tacit Knowledge,Augment Reality
515bf60d-595f-495c-9ecb-50674c9dace4,I. Division I: Services,Major Group 82: Educational Services,Deliberate Practice,Internalization,Intellectual Tacit Knowledge,Virtual Reality
515bf60d-595f-495c-9ecb-50674c9dace4,I. Division I: Services,Major Group 82: Educational Services,Deliberate Practice,Socialization,Intellectual Tacit Knowledge,Virtual Reality
66ecefd9-3c86-4243-8bff-5dc4aebddf29,C. Division C: Construction,Major Group 15: Building Construction General Contractors And Operative Builders,Job shadowing,Internalization,Somatic Tacit Knowledge,Virtual Reality
66ecefd9-3c86-4243-8bff-5dc4aebddf29,C. Division C: Construction,Major Group 15: Building Construction General Contractors And Operative Builders,Job shadowing,Internalization,Intellectual Tacit Knowledge,Virtual Reality
e6c44e51-44a9-4bfd-90bf-fcc464076fbe,D. Division D: Manufacturing,Major Group 28: Chemicals And Allied Products,Deliberate Practice,Internalization,Somatic Tacit Knowledge,Virtual Reality
e6c44e51-44a9-4bfd-90bf-fcc464076fbe,D. Division D: Manufacturing,Major Group 28: Chemicals And Allied Products,Deliberate Practice,Internalization,Intellectual Tacit Knowledge,Virtual Reality
530baee5-e573-4f5d-80af-71c19268bbfa,I. Division I: Services,Major Group 82: Educational Services,Deliberate Practice,Socialization,Intellectual Tacit Knowledge,Augment Reality
530baee5-e573-4f5d-80af-71c19268bbfa,I. Division I: Services,Major Group 82: Educational Services,Deliberate Practice,Socialization,Somatic Tacit Knowledge,Augment Reality
530baee5-e573-4f5d-80af-71c19268bbfa,I. Division I: Services,Major Group 82: Educational Services,Deliberate Practice,Internalization,Intellectual Tacit Knowledge,Augment Reality
530baee5-e573-4f5d-80af-71c19268bbfa,I. Division I: Services,Major Group 82: Educational Services,Deliberate Practice,Internalization,Somatic Tacit Knowledge,Augment Reality
666ad369-ef0c-4ea5-9e81-fd4bfebd38dd,I. Division I: Services,Major Group 80: Health Services,Patient Education,Internalization,Intellectual Tacit Knowledge,Augment Reality
f088aba0-e504-4deb-9a39-3918b713b483,C. Division C: Construction,Major Group 17: Construction Special Trade Contractors,Deliberate Practice,Socialization,Intellectual Tacit Knowledge,Virtual Reality
f088aba0-e504-4deb-9a39-3918b713b483,C. Division C: Construction,Major Group 17: Construction Special Trade Contractors,Deliberate Practice,Socialization,Somatic Tacit Knowledge,Virtual Reality
f088aba0-e504-4deb-9a39-3918b713b483,C. Division C: Construction,Major Group 17: Construction Special Trade Contractors,Deliberate Practice,Internalization,Intellectual Tacit Knowledge,Virtual Reality
f088aba0-e504-4deb-9a39-3918b713b483,C. Division C: Construction,Major Group 17: Construction Special Trade Contractors,Deliberate Practice,Internalization,Somatic Tacit Knowledge,Virtual Reality
